"ID_UF_alunos";"ID_MUNICIPIO_alunos";"ID_ALUNO_alunos";"PROFICIENCIA_MT_SAEB_alunos";"TX_RESP_Q013_alunos";"TX_RESP_Q015_alunos";"TX_RESP_Q019_alunos";"TX_RESP_Q023_alunos";"TX_RESP_Q026_alunos";"TX_RESP_Q027_alunos";"TX_RESP_Q028_alunos";"TX_RESP_Q029_alunos";"TX_RESP_Q030_alunos";"TX_RESP_Q043_alunos";"TX_RESP_Q044_alunos";"TX_RESP_Q045_alunos";"TX_RESP_Q048_alunos";"TX_RESP_Q053_alunos";"TX_RESP_Q054_alunos";"TX_RESP_Q055_alunos";"TX_RESP_Q057_alunos";"nivel_proficiencia";"ind_aprendizado_adequado"
15;1502855;16568406;261.887276;"B";"D";"B";"C";"A";"A";"A";"A";"A";"E";"E";"A";"B";"A";"A";"B";"C";"Básico";"Não"
15;1502855;16568407;247.253994;"B";"B";"F";"E";"B";"A";"A";"A";"A";"B";"B";"Não Informado";"B";"B";"A";"A";"C";"Básico";"Não"
15;1502855;16568408;179.822248;"A";"B";"C";"B";"A";"A";"A";"A";"A";"A";"A";"B";"A";"A";"A";"A";"A";"Insuficiente";"Não"
15;1502855;16568411;227.158858;"A";"Não Informado";"D";"G";"A";"A";"A";"A";"A";"A";"B";"A";"B";"A";"A";"A";"A";"Básico";"Não"
15;1502855;16568413;206.02105;"C";"E";"E";"F";"A";"A";"A";"A";"A";"D";"A";"B";"C";"A";"B";"A";"A";"Insuficiente";"Não"
15;1502855;16568414;266.338989;"A";"C";"E";"D";"A";"A";"A";"A";"A";"B";"A";"B";"C";"B";"C";"B";"C";"Básico";"Não"
15;1502855;16568415;212.43626;"B";"E";"B";"B";"A";"A";"A";"A";"A";"A";"E";"B";"A";"B";"A";"A";"D";"Insuficiente";"Não"
15;1502855;16568416;189.593904;"C";"D";"F";"F";"B";"A";"A";"A";"A";"D";"E";"B";"A";"A";"A";"A";"A";"Insuficiente";"Não"
15;1502855;16568417;204.593616;"A";"E";"C";"G";"A";"A";"A";"A";"A";"D";"B";"B";"A";"A";"A";"A";"C";"Insuficiente";"Não"
15;1502855;16568418;256.115499;"A";"B";"E";"G";"B";"A";"A";"A";"A";"B";"A";"A";"A";"A";"A";"A";"C";"Básico";"Não"
15;1502855;16568419;254.120423;"A";"B";"C";"G";"A";"A";"A";"A";"A";"B";"B";"B";"A";"A";"A";"A";"A";"Básico";"Não"
15;1502855;16568420;164.428104;"B";"D";"B";"E";"A";"A";"A";"A";"A";"A";"A";"B";"B";"B";"A";"A";"C";"Insuficiente";"Não"
15;1502855;16568421;191.237362;"A";"D";"F";"F";"A";"A";"A";"A";"A";"C";"B";"B";"B";"A";"A";"A";"C";"Insuficiente";"Não"
15;1502855;16568422;226.278274;"A";"D";"F";"G";"B";"A";"A";"A";"A";"A";"E";"B";"A";"A";"B";"A";"D";"Básico";"Não"
15;1502855;16568423;217.472941;"A";"C";"C";"C";"B";"A";"A";"A";"A";"B";"A";"B";"B";"A";"A";"A";"A";"Insuficiente";"Não"
15;1502855;16568424;212.24427;"A";"C";"G";"G";"B";"A";"A";"A";"A";"B";"A";"B";"A";"A";"A";"A";"C";"Insuficiente";"Não"
15;1502855;16568425;203.325587;"A";"C";"E";"G";"A";"A";"A";"A";"A";"A";"A";"B";"A";"A";"A";"A";"D";"Insuficiente";"Não"
15;1502855;16568426;194.457095;"A";"E";"E";"G";"A";"A";"A";"A";"A";"C";"E";"B";"A";"A";"A";"A";"C";"Insuficiente";"Não"
15;1502855;16568427;219.720204;"A";"B";"D";"G";"A";"A";"A";"A";"A";"A";"B";"B";"A";"A";"A";"A";"C";"Insuficiente";"Não"
15;1502855;16568428;223.860764;"A";"A";"C";"C";"A";"A";"A";"A";"A";"A";"B";"B";"A";"A";"B";"B";"A";"Insuficiente";"Não"
15;1502855;16568429;249.220231;"A";"D";"D";"D";"A";"A";"A";"A";"A";"A";"A";"B";"A";"A";"A";"A";"A";"Básico";"Não"
15;1502855;16568432;195.868321;"A";"E";"B";"G";"B";"A";"A";"B";"A";"A";"A";"B";"B";"A";"A";"A";"C";"Insuficiente";"Não"
15;1502855;16568433;196.051089;"B";"C";"E";"D";"B";"A";"A";"A";"A";"A";"A";"B";"A";"A";"B";"B";"A";"Insuficiente";"Não"
15;1502855;16568434;215.76789;"A";"D";"C";"C";"B";"A";"A";"A";"A";"A";"B";"B";"A";"A";"B";"A";"C";"Insuficiente";"Não"
15;1502855;16568435;183.603532;"A";"A";"G";"B";"B";"A";"A";"A";"A";"E";"E";"B";"B";"B";"B";"B";"B";"Insuficiente";"Não"
15;1502855;16568437;236.921068;"B";"D";"F";"B";"A";"A";"A";"A";"A";"A";"E";"B";"A";"B";"A";"A";"C";"Básico";"Não"
15;1502855;16568438;220.514322;"A";"C";"E";"E";"B";"A";"A";"A";"A";"E";"C";"B";"A";"A";"B";"A";"A";"Insuficiente";"Não"
15;1502855;16568439;182.169558;"A";"D";"D";"Não Informado";"Não Informado";"Não Informado";"Não Informado";"Não Informado";"Não Informado";"Não Informado";"Não Informado";"Não Informado";"Não Informado";"Não Informado";"Não Informado";"Não Informado";"Não Informado";"Insuficiente";"Não"
15;1502855;16568442;254.49859;"A";"C";"E";"C";"B";"A";"A";"A";"A";"D";"A";"B";"A";"B";"B";"A";"A";"Básico";"Não"
15;1502855;16568443;200.201765;"A";"C";"F";"G";"A";"A";"A";"A";"A";"B";"A";"B";"C";"A";"B";"A";"A";"Insuficiente";"Não"
15;1502855;16568444;244.6825;"A";"B";"C";"C";"A";"A";"A";"A";"A";"A";"B";"B";"A";"A";"A";"A";"C";"Básico";"Não"
15;1502855;16568445;199.278591;"A";"D";"B";"C";"B";"A";"B";"A";"B";"B";"C";"B";"A";"B";"B";"C";"D";"Insuficiente";"Não"
15;1502855;16568447;279.400634;"B";"C";"D";"E";"A";"A";"A";"A";"A";"B";"B";"B";"A";"A";"B";"A";"C";"Básico";"Não"
15;1502855;16568448;220.796187;"A";"C";"B";"A";"A";"A";"A";"A";"A";"A";"A";"A";"A";"A";"A";"C";"C";"Insuficiente";"Não"
15;1502855;16568449;220.045721;"A";"D";"D";"G";"B";"A";"A";"A";"A";"A";"E";"B";"A";"B";"A";"A";"C";"Insuficiente";"Não"
15;1502855;16568451;214.486782;"D";"E";"F";"F";"A";"A";"A";"A";"A";"B";"E";"B";"A";"B";"B";"A";"C";"Insuficiente";"Não"
15;1502855;16568452;193.190408;"A";"E";"E";"G";"A";"A";"A";"A";"A";"C";"D";"B";"A";"A";"B";"A";"C";"Insuficiente";"Não"
15;1502855;16568453;239.442874;"B";"C";"F";"D";"A";"A";"A";"A";"A";"B";"B";"B";"A";"A";"A";"A";"A";"Básico";"Não"
15;1502855;16568454;225.387127;"B";"D";"F";"D";"A";"A";"A";"A";"A";"B";"D";"B";"A";"A";"A";"A";"C";"Básico";"Não"
15;1502855;16568456;263.587409;"A";"D";"E";"A";"A";"A";"A";"A";"A";"A";"A";"B";"A";"A";"A";"A";"A";"Básico";"Não"
15;1502855;16568457;271.618857;"A";"D";"E";"C";"A";"A";"A";"A";"A";"B";"B";"B";"A";"A";"A";"A";"D";"Básico";"Não"
15;1502855;16568459;169.347411;"A";"B";"B";"F";"C";"A";"A";"A";"A";"E";"A";"Não Informado";"B";"A";"B";"B";"A";"Insuficiente";"Não"
15;1502855;16568460;225.463532;"A";"E";"D";"E";"A";"A";"A";"A";"A";"B";"E";"A";"B";"A";"A";"A";"D";"Básico";"Não"
15;1502855;16568461;260.463867;"A";"C";"C";"A";"B";"A";"A";"A";"A";"D";"E";"B";"A";"A";"B";"A";"A";"Básico";"Não"
15;1502855;16568462;222.120165;"A";"C";"E";"E";"B";"A";"A";"A";"A";"A";"A";"B";"A";"B";"A";"B";"A";"Insuficiente";"Não"
15;1502855;16568463;171.271672;"A";"B";"F";"F";"A";"A";"B";"A";"A";"A";"A";"B";"A";"B";"A";"A";"A";"Insuficiente";"Não"
15;1502855;16568464;174.712348;"A";"C";"E";"E";"A";"A";"A";"A";"A";"A";"B";"B";"A";"A";"A";"A";"A";"Insuficiente";"Não"
15;1502855;16568465;219.017749;"A";"E";"G";"G";"B";"A";"A";"A";"A";"D";"B";"B";"A";"B";"A";"A";"A";"Insuficiente";"Não"
15;1502855;16568466;183.871759;"B";"C";"E";"F";"B";"A";"A";"A";"A";"D";"A";"B";"A";"B";"A";"A";"A";"Insuficiente";"Não"
15;1502855;16568467;209.715589;"A";"B";"D";"G";"A";"A";"A";"A";"A";"E";"E";"B";"A";"A";"A";"A";"A";"Insuficiente";"Não"
15;1502855;16568468;207.178469;"B";"E";"B";"C";"B";"A";"A";"A";"A";"A";"B";"B";"A";"A";"A";"A";"A";"Insuficiente";"Não"
15;1502855;16568469;271.794136;"A";"Não Informado";"B";"B";"B";"A";"A";"A";"A";"D";"E";"B";"C";"A";"A";"C";"D";"Básico";"Não"
15;1502855;16568470;274.69355;"A";"E";"D";"C";"B";"A";"A";"A";"A";"B";"A";"A";"C";"A";"A";"A";"D";"Básico";"Não"
15;1502855;16568471;195.470088;"A";"C";"C";"B";"A";"A";"A";"A";"A";"A";"A";"B";"A";"A";"A";"A";"D";"Insuficiente";"Não"
15;1502855;16568472;181.8408;"A";"E";"G";"B";"B";"A";"A";"A";"A";"A";"B";"B";"A";"A";"B";"A";"A";"Insuficiente";"Não"
15;1502855;16568473;261.665384;"C";"D";"G";"E";"A";"A";"A";"A";"A";"B";"B";"Não Informado";"A";"A";"A";"A";"C";"Básico";"Não"
15;1502855;16568474;226.125632;"A";"C";"B";"C";"A";"A";"A";"A";"A";"E";"B";"B";"A";"A";"B";"A";"D";"Básico";"Não"
15;1502855;16568475;189.337582;"A";"D";"F";"B";"A";"A";"A";"A";"A";"B";"A";"B";"B";"A";"B";"B";"A";"Insuficiente";"Não"
15;1502855;16568476;201.909778;"A";"D";"B";"D";"B";"A";"A";"A";"A";"A";"B";"B";"A";"A";"A";"A";"A";"Insuficiente";"Não"
15;1502855;16568477;214.609857;"A";"B";"D";"G";"A";"A";"A";"A";"A";"D";"E";"B";"A";"A";"A";"A";"A";"Insuficiente";"Não"
15;1502855;16568478;185.842523;"A";"D";"G";"G";"B";"A";"A";"A";"A";"Não Informado";"B";"B";"C";"B";"A";"A";"D";"Insuficiente";"Não"
15;1502855;16568480;289.339688;"A";"B";"C";"F";"A";"A";"A";"A";"A";"C";"A";"B";"A";"A";"A";"A";"C";"Básico";"Não"
15;1502855;16568481;195.740886;"A";"D";"B";"B";"A";"A";"A";"A";"A";"A";"A";"B";"C";"A";"A";"A";"D";"Insuficiente";"Não"
15;1502855;16568482;240.4116;"A";"E";"A";"G";"B";"A";"A";"A";"A";"B";"A";"B";"B";"A";"B";"B";"C";"Básico";"Não"
15;1502855;16568483;215.937188;"A";"B";"B";"C";"A";"A";"A";"A";"A";"A";"E";"B";"B";"B";"A";"A";"A";"Insuficiente";"Não"
15;1502855;16568485;234.998372;"B";"C";"D";"E";"B";"A";"A";"A";"A";"E";"B";"B";"A";"A";"A";"A";"A";"Básico";"Não"
15;1502855;16568486;237.918522;"A";"B";"E";"B";"A";"A";"A";"A";"A";"A";"B";"B";"A";"A";"A";"A";"C";"Básico";"Não"
15;1502855;16568487;198.391412;"A";"E";"E";"B";"A";"A";"A";"A";"A";"A";"B";"B";"A";"B";"A";"A";"D";"Insuficiente";"Não"
15;1502855;16568490;270.684338;"A";"C";"E";"F";"B";"A";"A";"A";"A";"B";"D";"B";"B";"A";"B";"B";"C";"Básico";"Não"
15;1502855;16568491;202.90986;"B";"D";"E";"G";"A";"A";"A";"A";"A";"A";"E";"B";"B";"A";"B";"A";"A";"Insuficiente";"Não"
15;1502855;16568493;295.446316;"A";"C";"C";"B";"A";"A";"A";"A";"A";"B";"A";"A";"A";"A";"A";"A";"C";"Básico";"Não"
15;1502855;16568494;210.052564;"B";"C";"D";"D";"A";"A";"A";"A";"A";"A";"A";"B";"B";"A";"A";"A";"A";"Insuficiente";"Não"
15;1502855;16568495;280.253495;"B";"B";"F";"F";"A";"A";"A";"A";"A";"E";"Não Informado";"B";"A";"A";"B";"A";"C";"Básico";"Não"
15;1502855;16568496;193.853291;"A";"B";"G";"G";"A";"A";"A";"A";"A";"E";"A";"B";"B";"A";"A";"A";"C";"Insuficiente";"Não"
15;1502855;16568498;183.34503;"B";"E";"E";"C";"B";"A";"A";"A";"A";"C";"A";"A";"A";"B";"B";"A";"C";"Insuficiente";"Não"
15;1502855;16568500;246.619784;"A";"B";"A";"D";"A";"A";"A";"A";"A";"A";"A";"B";"A";"A";"A";"A";"A";"Básico";"Não"
15;1502855;16568501;234.383277;"A";"B";"G";"G";"A";"A";"A";"A";"A";"A";"A";"B";"A";"A";"A";"A";"C";"Básico";"Não"
15;1502855;16568502;270.150342;"B";"B";"E";"D";"B";"A";"A";"A";"A";"E";"E";"B";"A";"B";"B";"A";"D";"Básico";"Não"
15;1502855;16568503;231.523937;"A";"C";"B";"B";"A";"A";"Não Informado";"A";"A";"B";"D";"A";"A";"B";"B";"A";"C";"Básico";"Não"
15;1502855;16568504;212.550448;"A";"C";"F";"G";"C";"A";"A";"A";"A";"C";"Não Informado";"B";"B";"B";"B";"A";"C";"Insuficiente";"Não"
15;1502855;16568505;271.287304;"A";"C";"C";"C";"A";"A";"A";"A";"A";"A";"A";"B";"B";"A";"B";"A";"D";"Básico";"Não"
15;1502855;16568506;204.283693;"A";"D";"G";"G";"B";"A";"A";"A";"A";"A";"A";"B";"A";"A";"A";"A";"A";"Insuficiente";"Não"
15;1502855;16568507;230.255628;"A";"E";"E";"E";"A";"A";"A";"A";"A";"B";"A";"B";"A";"A";"A";"A";"A";"Básico";"Não"
15;1502855;16568508;250.143404;"A";"C";"E";"G";"A";"A";"A";"B";"A";"B";"A";"B";"A";"A";"A";"A";"C";"Básico";"Não"
15;1502855;16568510;274.346291;"A";"C";"F";"G";"B";"A";"A";"A";"A";"A";"E";"B";"A";"A";"A";"A";"C";"Básico";"Não"
15;1502855;16568512;279.463569;"A";"D";"B";"G";"A";"A";"A";"A";"A";"B";"B";"B";"A";"A";"B";"A";"A";"Básico";"Não"
15;1502855;16568513;233.653882;"B";"Não Informado";"E";"E";"A";"A";"A";"A";"A";"A";"D";"B";"B";"B";"A";"A";"C";"Básico";"Não"
15;1502855;16568514;164.588794;"A";"C";"C";"B";"B";"A";"A";"A";"A";"C";"C";"B";"A";"A";"A";"A";"C";"Insuficiente";"Não"
15;1502855;16568515;232.920742;"C";"D";"E";"B";"B";"A";"A";"A";"A";"A";"B";"Não Informado";"A";"A";"B";"A";"A";"Básico";"Não"
15;1502855;16568517;293.050212;"A";"C";"G";"G";"A";"A";"A";"A";"A";"C";"B";"B";"Não Informado";"A";"A";"A";"C";"Básico";"Não"
15;1502855;16568518;253.66831;"A";"C";"C";"E";"B";"A";"A";"A";"A";"A";"C";"B";"B";"B";"B";"A";"B";"Básico";"Não"
15;1502855;16568519;287.827577;"A";"D";"F";"B";"B";"A";"B";"B";"B";"E";"B";"A";"B";"B";"B";"A";"C";"Básico";"Não"
15;1502855;16568520;186.624568;"A";"B";"G";"G";"C";"A";"A";"B";"A";"E";"A";"B";"A";"A";"B";"B";"A";"Insuficiente";"Não"
15;1502855;16568521;251.18289;"B";"E";"D";"F";"A";"A";"A";"A";"A";"C";"B";"B";"B";"A";"A";"A";"D";"Básico";"Não"
15;1502855;16568522;234.367292;"B";"E";"F";"E";"A";"A";"A";"A";"A";"B";"D";"B";"B";"A";"B";"A";"C";"Básico";"Não"
15;1502855;16568524;234.809623;"A";"Não Informado";"D";"A";"A";"A";"A";"A";"A";"A";"B";"B";"B";"B";"C";"A";"C";"Básico";"Não"
15;1502855;16568525;190.812692;"A";"Não Informado";"G";"A";"A";"A";"A";"A";"A";"E";"A";"B";"A";"B";"A";"A";"D";"Insuficiente";"Não"
15;1502855;16568526;239.798573;"A";"C";"D";"E";"A";"A";"A";"A";"A";"B";"A";"B";"A";"A";"A";"A";"A";"Básico";"Não"
15;1502855;16568527;192.599458;"Não Informado";"D";"B";"B";"A";"A";"A";"B";"A";"A";"B";"B";"B";"A";"A";"A";"A";"Insuficiente";"Não"
15;1502855;16568528;213.648285;"A";"B";"C";"C";"A";"A";"A";"A";"A";"E";"B";"B";"B";"A";"A";"A";"A";"Insuficiente";"Não"
15;1502855;16568529;204.184261;"Não Informado";"E";"E";"Não Informado";"Não Informado";"Não Informado";"Não Informado";"Não Informado";"Não Informado";"Não Informado";"Não Informado";"Não Informado";"Não Informado";"Não Informado";"Não Informado";"Não Informado";"Não Informado";"Insuficiente";"Não"
15;1502855;16568530;165.997281;"A";"D";"E";"A";"A";"A";"A";"A";"A";"A";"B";"B";"A";"A";"A";"B";"C";"Insuficiente";"Não"
15;1502855;16568531;206.131438;"A";"C";"B";"B";"B";"A";"B";"B";"A";"E";"B";"B";"A";"A";"B";"C";"A";"Insuficiente";"Não"
15;1502855;16568534;247.644011;"A";"D";"E";"B";"A";"A";"A";"A";"A";"A";"A";"B";"A";"A";"A";"A";"C";"Básico";"Não"
15;1502855;16568536;260.248066;"B";"B";"F";"B";"A";"A";"A";"A";"A";"Não Informado";"A";"B";"A";"B";"B";"A";"A";"Básico";"Não"
15;1502855;16798292;226.609492;"A";"D";"D";"A";"B";"A";"A";"A";"A";"A";"C";"B";"A";"A";"B";"A";"A";"Básico";"Não"
15;1502855;16798293;238.415908;"A";"D";"C";"D";"A";"A";"A";"A";"A";"A";"D";"B";"B";"A";"A";"A";"C";"Básico";"Não"
15;1502855;16798294;227.648363;"A";"D";"E";"G";"B";"A";"A";"A";"A";"A";"A";"B";"B";"A";"B";"A";"D";"Básico";"Não"
15;1502855;16798295;233.399404;"A";"D";"B";"C";"B";"A";"A";"A";"A";"B";"A";"B";"A";"B";"A";"A";"C";"Básico";"Não"
15;1502855;16798296;242.652882;"B";"C";"C";"G";"A";"A";"A";"A";"A";"E";"B";"B";"A";"B";"B";"A";"A";"Básico";"Não"
15;1502855;16798297;213.77354;"A";"B";"B";"B";"A";"A";"A";"A";"A";"E";"B";"B";"A";"A";"B";"B";"A";"Insuficiente";"Não"
15;1502855;16798298;212.042834;"A";"D";"C";"C";"B";"A";"A";"A";"A";"E";"A";"B";"B";"B";"B";"B";"C";"Insuficiente";"Não"
15;1502855;16798300;219.414249;"A";"D";"G";"G";"A";"A";"A";"A";"A";"A";"A";"B";"A";"A";"B";"B";"C";"Insuficiente";"Não"
15;1502855;16798301;227.551669;"A";"D";"E";"E";"B";"A";"A";"A";"B";"D";"A";"B";"A";"B";"C";"B";"C";"Básico";"Não"
15;1502855;16798302;237.136253;"A";"B";"C";"C";"B";"A";"A";"A";"A";"A";"C";"B";"A";"A";"B";"A";"C";"Básico";"Não"
15;1502855;16798303;204.437621;"D";"D";"B";"G";"B";"A";"A";"A";"A";"C";"A";"A";"B";"A";"C";"A";"C";"Insuficiente";"Não"
15;1502855;16798304;247.58035;"A";"D";"A";"B";"C";"B";"B";"B";"B";"A";"A";"B";"C";"B";"C";"A";"D";"Básico";"Não"
15;1502855;16798307;193.150724;"A";"C";"B";"G";"A";"A";"A";"A";"A";"B";"A";"B";"Não Informado";"B";"B";"B";"C";"Insuficiente";"Não"
15;1502855;16798308;207.408633;"A";"B";"A";"B";"B";"A";"A";"A";"A";"E";"B";"B";"A";"A";"A";"A";"A";"Insuficiente";"Não"
15;1502855;16798309;230.730993;"B";"D";"F";"E";"A";"A";"A";"A";"A";"A";"B";"B";"A";"A";"B";"A";"C";"Básico";"Não"
15;1502855;16798310;279.389568;"A";"C";"E";"C";"B";"A";"A";"A";"A";"D";"B";"B";"A";"B";"B";"A";"A";"Básico";"Não"
15;1502855;16798311;273.01801;"A";"D";"E";"C";"B";"A";"A";"A";"A";"B";"A";"B";"A";"A";"A";"A";"C";"Básico";"Não"
15;1502855;16798312;234.624788;"C";"D";"F";"E";"B";"A";"A";"A";"A";"B";"E";"B";"A";"A";"A";"A";"A";"Básico";"Não"
15;1502855;16798314;234.815716;"A";"D";"C";"C";"A";"A";"A";"A";"A";"D";"C";"B";"B";"A";"B";"A";"C";"Básico";"Não"
15;1502855;16798315;248.779855;"B";"D";"E";"C";"B";"A";"A";"A";"A";"A";"E";"B";"A";"A";"B";"B";"C";"Básico";"Não"
15;1502855;16798316;226.790863;"A";"B";"B";"B";"A";"A";"A";"A";"A";"B";"A";"B";"C";"B";"B";"B";"A";"Básico";"Não"
15;1502855;16798317;221.660897;"A";"D";"C";"G";"A";"A";"A";"A";"A";"E";"D";"B";"A";"B";"A";"A";"A";"Insuficiente";"Não"
15;1502855;16798320;222.313217;"A";"B";"B";"C";"B";"A";"A";"A";"B";"B";"A";"B";"Não Informado";"B";"A";"A";"C";"Insuficiente";"Não"
15;1506112;16655283;194.7787;"A";"C";"D";"C";"B";"A";"A";"A";"A";"A";"C";"B";"B";"A";"B";"A";"C";"Insuficiente";"Não"
15;1506112;16655284;181.844936;"A";"D";"B";"B";"B";"A";"A";"A";"A";"C";"A";"B";"B";"B";"B";"B";"C";"Insuficiente";"Não"
15;1506112;16655286;233.65064;"B";"D";"C";"C";"A";"A";"A";"A";"A";"A";"A";"B";"A";"A";"A";"A";"A";"Básico";"Não"
15;1506112;16655288;193.3146;"A";"C";"G";"G";"B";"A";"B";"B";"A";"D";"B";"B";"B";"B";"B";"B";"C";"Insuficiente";"Não"
15;1506112;16655291;170.293612;"B";"D";"C";"B";"A";"A";"A";"A";"A";"B";"B";"B";"C";"A";"A";"A";"A";"Insuficiente";"Não"
15;1506112;16655296;237.703393;"A";"C";"F";"E";"A";"A";"A";"A";"A";"Não Informado";"C";"B";"B";"B";"B";"A";"A";"Básico";"Não"
15;1506112;16655300;265.954729;"B";"D";"E";"G";"A";"A";"A";"A";"A";"B";"A";"B";"B";"A";"A";"A";"A";"Básico";"Não"
15;1506112;16655301;256.310508;"A";"E";"F";"G";"A";"A";"A";"A";"A";"B";"B";"B";"A";"A";"B";"A";"C";"Básico";"Não"
15;1506112;16655303;229.7825;"A";"E";"C";"G";"A";"A";"A";"Não Informado";"B";"D";"B";"B";"A";"A";"A";"A";"A";"Básico";"Não"
15;1506112;16655305;208.284522;"B";"D";"C";"G";"A";"A";"A";"A";"A";"A";"B";"B";"C";"A";"A";"A";"Não Informado";"Insuficiente";"Não"
15;1506112;16655306;262.245546;"B";"C";"C";"F";"B";"A";"A";"A";"A";"A";"A";"B";"A";"A";"A";"A";"C";"Básico";"Não"
15;1506112;16655309;225.73461;"B";"D";"F";"F";"A";"A";"A";"A";"A";"C";"A";"B";"A";"A";"A";"A";"A";"Básico";"Não"
15;1506112;16655310;161.938715;"A";"C";"B";"Não Informado";"B";"A";"A";"A";"A";"Não Informado";"A";"Não Informado";"C";"B";"A";"A";"C";"Insuficiente";"Não"
15;1506112;16655311;174.344577;"A";"D";"B";"B";"A";"A";"A";"A";"A";"A";"B";"B";"A";"A";"A";"A";"A";"Insuficiente";"Não"
15;1506112;16655312;281.228369;"A";"D";"D";"C";"A";"A";"A";"A";"A";"D";"B";"B";"B";"A";"A";"A";"A";"Básico";"Não"
15;1506112;16655313;235.241503;"A";"D";"D";"G";"A";"A";"A";"A";"A";"A";"A";"B";"A";"A";"A";"B";"D";"Básico";"Não"
15;1506112;16655314;234.674085;"B";"C";"E";"E";"A";"A";"A";"A";"A";"E";"D";"B";"B";"A";"B";"B";"A";"Básico";"Não"
15;1506112;16655315;251.061044;"A";"C";"F";"B";"B";"A";"A";"A";"A";"D";"A";"B";"A";"A";"A";"A";"A";"Básico";"Não"
15;1506112;16655316;162.794036;"A";"E";"E";"G";"B";"A";"A";"A";"A";"A";"E";"B";"A";"A";"B";"A";"A";"Insuficiente";"Não"
15;1506112;16655317;222.65852;"A";"C";"B";"C";"A";"A";"A";"A";"A";"A";"B";"B";"B";"A";"A";"A";"A";"Insuficiente";"Não"
15;1506112;16655318;224.45216;"C";"C";"E";"C";"A";"A";"A";"A";"A";"D";"B";"B";"B";"A";"B";"A";"C";"Insuficiente";"Não"
15;1506112;16655319;268.135815;"C";"D";"G";"G";"B";"A";"A";"A";"A";"B";"E";"B";"A";"A";"A";"A";"A";"Básico";"Não"
15;1506112;16655320;181.170818;"B";"D";"E";"E";"B";"A";"A";"A";"A";"D";"E";"B";"A";"B";"B";"B";"A";"Insuficiente";"Não"
15;1506112;16655321;199.166639;"A";"E";"D";"E";"B";"A";"A";"A";"A";"B";"B";"B";"B";"A";"B";"B";"A";"Insuficiente";"Não"
15;1506112;16655322;229.405674;"B";"D";"E";"B";"A";"A";"A";"A";"A";"A";"E";"B";"A";"A";"A";"A";"A";"Básico";"Não"
15;1506112;16655323;294.811099;"C";"C";"F";"G";"C";"A";"A";"A";"A";"D";"A";"A";"A";"B";"A";"A";"C";"Básico";"Não"
15;1506112;16655324;181.278411;"A";"D";"G";"G";"B";"A";"A";"A";"A";"B";"C";"B";"B";"A";"A";"A";"A";"Insuficiente";"Não"
15;1506112;16655325;213.108086;"A";"C";"E";"A";"A";"A";"A";"A";"A";"D";"E";"B";"A";"A";"A";"B";"A";"Insuficiente";"Não"
15;1506112;16655326;230.521732;"B";"D";"E";"F";"B";"A";"A";"A";"A";"D";"B";"B";"A";"A";"A";"A";"A";"Básico";"Não"
15;1506112;16655327;192.796646;"A";"D";"C";"C";"B";"A";"A";"A";"A";"D";"B";"B";"A";"A";"A";"Não Informado";"A";"Insuficiente";"Não"
15;1506112;16655328;234.989541;"A";"B";"C";"B";"A";"A";"A";"A";"A";"D";"E";"B";"A";"Não Informado";"A";"A";"A";"Básico";"Não"
15;1506112;16655329;168.241973;"B";"D";"G";"G";"C";"B";"B";"A";"A";"C";"B";"B";"A";"A";"B";"A";"D";"Insuficiente";"Não"
15;1506112;16655330;250.745141;"A";"E";"E";"D";"C";"A";"A";"A";"A";"C";"B";"B";"A";"A";"A";"A";"A";"Básico";"Não"
15;1506112;16655331;253.154659;"C";"D";"F";"F";"A";"A";"A";"A";"A";"D";"C";"B";"B";"A";"A";"B";"C";"Básico";"Não"
15;1506112;16655332;178.301753;"A";"E";"D";"D";"A";"A";"B";"B";"A";"A";"B";"Não Informado";"A";"A";"A";"A";"A";"Insuficiente";"Não"
15;1506112;16655333;257.577643;"A";"B";"C";"G";"B";"A";"A";"A";"A";"D";"A";"B";"B";"B";"B";"B";"C";"Básico";"Não"
15;1506112;16655334;299.295285;"B";"D";"F";"E";"B";"A";"A";"A";"A";"B";"E";"B";"A";"A";"A";"A";"A";"Básico";"Não"
15;1506112;16655335;212.344541;"A";"D";"D";"E";"B";"A";"A";"A";"A";"C";"E";"B";"A";"A";"A";"A";"C";"Insuficiente";"Não"
15;1506112;16655339;270.597034;"B";"C";"E";"E";"A";"A";"A";"A";"A";"D";"E";"B";"A";"A";"A";"A";"A";"Básico";"Não"
15;1506112;16655342;268.972076;"A";"Não Informado";"C";"E";"A";"A";"A";"A";"A";"A";"C";"B";"B";"A";"A";"A";"C";"Básico";"Não"
15;1506112;16655343;243.920688;"A";"D";"E";"G";"A";"A";"A";"A";"A";"D";"A";"B";"A";"B";"B";"A";"A";"Básico";"Não"
15;1506112;16655344;250.864639;"C";"D";"F";"B";"A";"A";"A";"A";"A";"D";"B";"B";"B";"B";"B";"B";"A";"Básico";"Não"
15;1506112;16655345;181.90284;"A";"D";"C";"B";"C";"A";"A";"A";"A";"C";"A";"B";"A";"B";"A";"A";"A";"Insuficiente";"Não"
15;1506112;16655346;201.17703;"A";"C";"D";"G";"A";"A";"A";"A";"A";"Não Informado";"A";"A";"A";"A";"A";"A";"C";"Insuficiente";"Não"
15;1506112;16655347;223.215375;"A";"C";"D";"D";"A";"A";"A";"A";"A";"C";"A";"B";"C";"Não Informado";"B";"A";"A";"Insuficiente";"Não"
15;1506112;16655350;183.704641;"A";"A";"G";"A";"C";"A";"A";"A";"A";"E";"E";"B";"C";"A";"B";"B";"C";"Insuficiente";"Não"
15;1506112;16655352;250.885487;"A";"C";"E";"G";"A";"A";"A";"A";"A";"A";"B";"B";"C";"B";"A";"A";"D";"Básico";"Não"
15;1506112;16655353;190.455931;"A";"E";"C";"C";"A";"A";"A";"A";"A";"D";"E";"B";"A";"B";"A";"B";"A";"Insuficiente";"Não"
15;1506112;16655355;198.784447;"Não Informado";"Não Informado";"Não Informado";"C";"A";"A";"A";"A";"A";"A";"C";"Não Informado";"Não Informado";"B";"B";"A";"A";"Insuficiente";"Não"
15;1506112;16655358;246.494641;"A";"D";"G";"G";"A";"A";"A";"A";"A";"A";"A";"B";"B";"A";"B";"B";"A";"Básico";"Não"
15;1506112;16655362;231.6284;"A";"C";"D";"D";"A";"A";"A";"A";"A";"C";"A";"A";"B";"A";"Não Informado";"A";"A";"Básico";"Não"
15;1506112;16655363;226.975978;"A";"C";"E";"E";"A";"A";"A";"A";"A";"D";"A";"B";"B";"A";"A";"A";"D";"Básico";"Não"
15;1506112;16655364;200.741405;"B";"C";"G";"A";"B";"A";"A";"A";"A";"A";"D";"B";"A";"B";"C";"B";"A";"Insuficiente";"Não"
15;1506112;16655368;227.633719;"A";"D";"C";"G";"C";"A";"A";"A";"A";"D";"B";"B";"A";"A";"A";"A";"A";"Básico";"Não"
15;1506112;16655372;286.682399;"A";"C";"B";"E";"B";"A";"A";"Não Informado";"A";"D";"C";"B";"A";"A";"A";"A";"A";"Básico";"Não"
15;1506112;16655373;244.098034;"A";"D";"G";"G";"B";"A";"A";"A";"A";"B";"A";"B";"B";"A";"A";"A";"A";"Básico";"Não"
15;1506112;16655374;187.910986;"A";"C";"B";"D";"B";"A";"A";"A";"A";"D";"B";"B";"B";"B";"A";"A";"D";"Insuficiente";"Não"
15;1506112;16655376;216.33352;"A";"Não Informado";"B";"E";"A";"A";"A";"A";"A";"A";"B";"B";"B";"Não Informado";"A";"A";"A";"Insuficiente";"Não"
15;1506112;16655377;203.051826;"A";"Não Informado";"B";"B";"C";"A";"A";"A";"A";"D";"A";"B";"A";"A";"A";"A";"A";"Insuficiente";"Não"
15;1506112;16655378;217.970103;"A";"D";"D";"G";"A";"A";"A";"A";"A";"A";"B";"Não Informado";"C";"A";"A";"A";"A";"Insuficiente";"Não"
15;1506112;16655379;195.324712;"A";"D";"G";"G";"B";"A";"A";"A";"A";"C";"E";"A";"A";"A";"B";"A";"C";"Insuficiente";"Não"
15;1506112;16655380;271.127955;"A";"D";"G";"G";"B";"A";"A";"A";"A";"C";"A";"B";"C";"B";"B";"A";"C";"Básico";"Não"
15;1506112;16655381;180.165371;"A";"E";"B";"B";"C";"A";"A";"A";"A";"E";"B";"B";"A";"A";"A";"B";"C";"Insuficiente";"Não"
15;1506112;16655382;209.63734;"A";"C";"F";"B";"A";"A";"A";"A";"A";"B";"B";"B";"B";"B";"B";"C";"A";"Insuficiente";"Não"
15;1506112;16655383;293.197208;"A";"C";"G";"G";"A";"A";"A";"A";"A";"B";"A";"A";"A";"A";"A";"A";"C";"Básico";"Não"
15;1506112;16655384;176.015478;"A";"D";"E";"D";"A";"A";"A";"B";"A";"B";"B";"B";"A";"B";"B";"A";"C";"Insuficiente";"Não"
15;1506112;16655385;202.346521;"A";"D";"B";"A";"A";"A";"A";"A";"A";"D";"B";"A";"B";"A";"A";"A";"C";"Insuficiente";"Não"
15;1506112;16655386;219.928403;"B";"E";"F";"F";"A";"A";"A";"A";"A";"A";"D";"B";"A";"A";"A";"A";"A";"Insuficiente";"Não"
15;1506112;16655387;164.224935;"B";"E";"F";"E";"A";"A";"A";"A";"A";"D";"A";"A";"B";"A";"A";"A";"C";"Insuficiente";"Não"
15;1506112;16655388;218.0028;"A";"C";"Não Informado";"G";"C";"A";"A";"A";"A";"B";"C";"B";"C";"A";"B";"A";"C";"Insuficiente";"Não"
15;1506112;16655389;228.140998;"A";"C";"B";"B";"B";"A";"A";"A";"A";"A";"B";"B";"B";"B";"B";"A";"C";"Básico";"Não"
15;1506112;16655391;188.189721;"C";"D";"D";"D";"A";"A";"A";"A";"A";"B";"A";"A";"A";"A";"A";"A";"Não Informado";"Insuficiente";"Não"
15;1506112;16655392;179.71745;"A";"E";"E";"D";"A";"A";"A";"A";"A";"D";"C";"B";"C";"B";"B";"B";"C";"Insuficiente";"Não"
15;1506112;16655393;296.500501;"A";"D";"D";"B";"A";"A";"A";"A";"A";"A";"B";"A";"B";"A";"A";"A";"D";"Básico";"Não"
15;1506112;16655394;205.966779;"A";"D";"G";"G";"B";"A";"A";"A";"A";"A";"E";"B";"B";"A";"B";"B";"A";"Insuficiente";"Não"
15;1506112;16655397;214.830408;"A";"E";"E";"G";"A";"A";"A";"A";"A";"D";"A";"B";"A";"A";"B";"B";"A";"Insuficiente";"Não"
15;1506112;16655398;198.884327;"B";"D";"F";"F";"B";"A";"A";"A";"A";"B";"A";"B";"B";"A";"B";"B";"A";"Insuficiente";"Não"
15;1506112;16655399;199.128073;"A";"C";"E";"Não Informado";"Não Informado";"Não Informado";"Não Informado";"Não Informado";"Não Informado";"Não Informado";"Não Informado";"Não Informado";"Não Informado";"Não Informado";"Não Informado";"Não Informado";"Não Informado";"Insuficiente";"Não"
15;1506112;16655400;264.492474;"B";"D";"G";"G";"B";"A";"A";"A";"A";"B";"A";"B";"C";"B";"B";"B";"D";"Básico";"Não"
15;1506112;16655401;234.90995;"A";"D";"D";"F";"A";"A";"A";"A";"A";"B";"A";"B";"A";"A";"A";"A";"C";"Básico";"Não"
15;1506112;16655403;298.141276;"A";"D";"C";"C";"A";"A";"A";"A";"A";"Não Informado";"Não Informado";"Não Informado";"Não Informado";"Não Informado";"Não Informado";"Não Informado";"Não Informado";"Básico";"Não"
15;1506112;16655404;257.257994;"B";"D";"E";"E";"C";"A";"B";"B";"B";"D";"B";"A";"A";"B";"B";"B";"C";"Básico";"Não"
15;1506112;16655405;246.240946;"A";"D";"D";"E";"B";"A";"A";"A";"A";"C";"C";"B";"B";"A";"B";"B";"C";"Básico";"Não"
15;1506112;16655408;270.282975;"A";"C";"D";"B";"B";"A";"A";"A";"A";"B";"B";"B";"A";"A";"B";"C";"C";"Básico";"Não"
15;1506112;16655409;180.987715;"C";"E";"B";"C";"B";"A";"A";"A";"A";"B";"E";"B";"A";"B";"B";"A";"A";"Insuficiente";"Não"
15;1506112;16655410;281.448418;"Não Informado";"Não Informado";"Não Informado";"Não Informado";"Não Informado";"Não Informado";"Não Informado";"Não Informado";"Não Informado";"Não Informado";"Não Informado";"Não Informado";"Não Informado";"Não Informado";"Não Informado";"Não Informado";"Não Informado";"Básico";"Não"
15;1506112;16655411;180.057946;"A";"B";"G";"G";"B";"A";"A";"B";"A";"E";"D";"A";"A";"B";"C";"A";"A";"Insuficiente";"Não"
15;1506112;16655412;244.637898;"A";"D";"D";"A";"A";"A";"A";"A";"A";"D";"A";"B";"A";"B";"B";"A";"A";"Básico";"Não"
15;1506112;16655413;211.505206;"A";"C";"B";"B";"B";"A";"A";"A";"A";"C";"D";"B";"B";"A";"B";"B";"C";"Insuficiente";"Não"
15;1506112;16655414;247.591528;"B";"C";"B";"C";"B";"A";"A";"A";"A";"A";"A";"B";"A";"A";"A";"A";"C";"Básico";"Não"
15;1506112;16655415;190.879651;"A";"D";"F";"E";"B";"A";"A";"A";"A";"B";"A";"A";"B";"A";"A";"A";"D";"Insuficiente";"Não"
15;1506112;16655417;190.980704;"Não Informado";"Não Informado";"Não Informado";"B";"A";"A";"A";"A";"A";"D";"A";"B";"C";"A";"C";"B";"C";"Insuficiente";"Não"
15;1506112;16655418;261.953174;"A";"B";"C";"C";"A";"A";"A";"A";"A";"D";"D";"A";"Não Informado";"B";"C";"C";"C";"Básico";"Não"
15;1506112;16655419;252.559238;"A";"D";"B";"B";"C";"A";"A";"A";"A";"B";"A";"B";"A";"A";"A";"A";"A";"Básico";"Não"
15;1506112;16655420;281.652089;"B";"D";"F";"F";"A";"A";"A";"A";"A";"C";"C";"B";"A";"A";"C";"B";"C";"Básico";"Não"
15;1506112;16655422;207.167178;"A";"E";"E";"E";"B";"A";"A";"A";"A";"E";"A";"B";"A";"B";"B";"B";"D";"Insuficiente";"Não"
15;1506112;16655423;203.413729;"A";"D";"C";"G";"B";"A";"A";"A";"A";"A";"B";"B";"B";"A";"B";"A";"A";"Insuficiente";"Não"
15;1506112;16655424;257.317464;"B";"C";"E";"G";"A";"A";"A";"A";"A";"C";"C";"B";"A";"A";"A";"A";"A";"Básico";"Não"
15;1506112;16655425;222.680597;"B";"E";"D";"G";"A";"A";"A";"B";"A";"D";"E";"A";"C";"Não Informado";"B";"A";"B";"Insuficiente";"Não"
15;1506112;16655427;234.590526;"A";"E";"E";"E";"B";"A";"A";"A";"A";"E";"E";"B";"A";"A";"A";"A";"A";"Básico";"Não"
15;1506112;16655428;285.464952;"A";"D";"E";"E";"A";"A";"A";"A";"A";"B";"B";"B";"A";"A";"A";"A";"A";"Básico";"Não"
15;1507508;16717649;213.936075;"B";"D";"C";"D";"A";"A";"A";"A";"A";"A";"A";"B";"B";"B";"B";"A";"C";"Insuficiente";"Não"
15;1507508;16717650;221.096161;"B";"E";"C";"C";"B";"A";"A";"A";"A";"D";"B";"B";"C";"B";"A";"A";"A";"Insuficiente";"Não"
15;1507508;16717651;251.428481;"B";"D";"E";"E";"A";"A";"A";"A";"A";"A";"A";"B";"A";"A";"A";"A";"C";"Básico";"Não"
15;1507508;16717652;208.242994;"B";"D";"E";"G";"Não Informado";"A";"A";"B";"A";"B";"E";"A";"B";"Não Informado";"B";"A";"A";"Insuficiente";"Não"
15;1507508;16717653;209.923676;"B";"E";"C";"B";"A";"A";"A";"A";"A";"B";"A";"A";"A";"A";"A";"A";"A";"Insuficiente";"Não"
15;1507508;16717654;186.095044;"A";"B";"F";"G";"A";"A";"A";"A";"A";"A";"E";"B";"A";"B";"A";"A";"C";"Insuficiente";"Não"
15;1507508;16717655;279.653715;"A";"D";"E";"C";"B";"A";"A";"A";"A";"D";"B";"Não Informado";"A";"B";"B";"A";"A";"Básico";"Não"
15;1507508;16717658;182.468303;"A";"D";"E";"G";"A";"A";"A";"A";"A";"B";"A";"B";"C";"A";"A";"A";"D";"Insuficiente";"Não"
15;1507508;16717659;182.428731;"B";"D";"G";"G";"A";"A";"A";"A";"A";"C";"B";"B";"A";"B";"A";"A";"C";"Insuficiente";"Não"
15;1507508;16717660;220.323673;"B";"D";"D";"E";"A";"A";"A";"A";"A";"D";"E";"B";"A";"B";"B";"B";"A";"Insuficiente";"Não"
15;1507508;16717661;204.989893;"B";"D";"G";"G";"B";"A";"A";"A";"A";"D";"A";"B";"A";"A";"B";"B";"D";"Insuficiente";"Não"
15;1507508;16717662;250.574222;"A";"C";"D";"Não Informado";"A";"A";"A";"A";"A";"D";"B";"B";"A";"B";"A";"A";"A";"Básico";"Não"
15;1507508;16717663;226.106126;"B";"C";"E";"F";"A";"A";"A";"A";"A";"A";"B";"B";"A";"A";"B";"B";"C";"Básico";"Não"
15;1507508;16717664;238.08497;"B";"D";"G";"F";"A";"A";"A";"A";"A";"D";"A";"B";"A";"B";"C";"A";"A";"Básico";"Não"
15;1507508;16717665;229.682844;"B";"D";"E";"C";"A";"A";"A";"A";"A";"A";"B";"B";"A";"A";"A";"B";"D";"Básico";"Não"
15;1507508;16717667;278.256854;"C";"D";"G";"G";"A";"A";"A";"A";"A";"D";"A";"B";"A";"B";"B";"B";"A";"Básico";"Não"
15;1507508;16717668;271.10666;"B";"C";"D";"B";"A";"A";"A";"A";"A";"B";"B";"B";"A";"A";"A";"A";"C";"Básico";"Não"
15;1507508;16717669;249.481192;"A";"E";"B";"G";"A";"A";"A";"A";"A";"C";"B";"A";"C";"B";"A";"A";"C";"Básico";"Não"
15;1507508;16717671;233.959613;"A";"D";"E";"B";"A";"A";"A";"A";"A";"A";"B";"B";"B";"A";"B";"A";"C";"Básico";"Não"
15;1507508;16717672;227.135104;"A";"C";"F";"G";"C";"A";"A";"A";"A";"A";"A";"B";"A";"A";"A";"A";"C";"Básico";"Não"
15;1507508;16717673;195.162009;"B";"C";"G";"G";"A";"A";"A";"A";"A";"D";"B";"B";"A";"Não Informado";"A";"A";"C";"Insuficiente";"Não"
15;1507508;16717674;190.496062;"B";"C";"E";"E";"B";"A";"A";"A";"A";"B";"C";"B";"A";"A";"A";"A";"A";"Insuficiente";"Não"
15;1507508;16717676;245.125056;"B";"E";"D";"E";"A";"A";"A";"A";"A";"A";"E";"B";"B";"A";"B";"A";"C";"Básico";"Não"
15;1507508;16717678;185.082722;"A";"D";"G";"G";"C";"A";"A";"B";"A";"A";"A";"A";"B";"A";"A";"A";"D";"Insuficiente";"Não"
15;1507508;16717680;239.662084;"A";"C";"C";"C";"A";"B";"Não Informado";"B";"A";"A";"D";"B";"A";"A";"A";"A";"Não Informado";"Básico";"Não"
15;1507508;16717682;272.67539;"B";"D";"F";"F";"A";"A";"A";"A";"A";"D";"A";"B";"B";"A";"A";"A";"C";"Básico";"Não"
15;1507508;16717683;229.682061;"A";"C";"F";"B";"Não Informado";"A";"A";"B";"A";"D";"B";"B";"A";"A";"B";"A";"C";"Básico";"Não"
15;1507508;16717684;232.792246;"A";"C";"B";"A";"A";"A";"A";"A";"A";"E";"A";"B";"C";"B";"A";"A";"C";"Básico";"Não"
15;1507508;16776126;182.428675;"A";"D";"E";"B";"A";"A";"A";"A";"A";"A";"B";"B";"B";"A";"A";"A";"A";"Insuficiente";"Não"
15;1507508;16776127;235.486815;"A";"D";"C";"B";"A";"A";"A";"A";"A";"A";"B";"B";"C";"A";"A";"A";"C";"Básico";"Não"
15;1507508;16776128;208.676662;"A";"C";"C";"B";"B";"A";"A";"A";"A";"B";"E";"B";"C";"A";"A";"A";"D";"Insuficiente";"Não"
15;1507508;16776129;167.317066;"A";"D";"B";"B";"A";"A";"A";"A";"A";"C";"A";"B";"B";"A";"A";"A";"C";"Insuficiente";"Não"
15;1507508;16776130;224.314218;"B";"C";"B";"B";"A";"A";"A";"A";"A";"A";"B";"B";"A";"A";"A";"A";"C";"Insuficiente";"Não"
15;1507508;16776131;205.012194;"A";"C";"E";"C";"B";"A";"A";"A";"B";"A";"D";"A";"C";"A";"A";"A";"C";"Insuficiente";"Não"
15;1507508;16776132;208.295421;"A";"D";"C";"C";"B";"A";"A";"A";"A";"D";"D";"B";"B";"A";"A";"A";"C";"Insuficiente";"Não"
15;1507508;16776133;170.873104;"A";"E";"C";"B";"A";"A";"A";"A";"A";"B";"A";"B";"B";"A";"A";"A";"A";"Insuficiente";"Não"
15;1507508;16776135;227.913404;"B";"D";"C";"C";"A";"A";"A";"A";"A";"C";"B";"B";"B";"A";"A";"A";"D";"Básico";"Não"
15;1507508;16776136;224.823118;"B";"C";"F";"F";"A";"A";"A";"A";"A";"D";"A";"B";"B";"A";"A";"A";"C";"Insuficiente";"Não"
15;1507508;16776137;235.05745;"A";"D";"D";"D";"A";"A";"A";"A";"A";"A";"C";"B";"C";"A";"A";"A";"A";"Básico";"Não"
15;1507508;16776139;268.533769;"A";"D";"D";"E";"B";"A";"A";"A";"A";"D";"B";"B";"A";"A";"A";"A";"A";"Básico";"Não"
15;1507508;16776141;215.386816;"A";"E";"E";"B";"A";"A";"A";"A";"A";"B";"B";"A";"A";"A";"A";"B";"C";"Insuficiente";"Não"
15;1507508;16776142;225.910391;"A";"C";"E";"E";"A";"A";"A";"A";"A";"B";"A";"B";"B";"A";"A";"A";"A";"Básico";"Não"
15;1507508;16776143;219.310737;"A";"C";"C";"D";"B";"A";"A";"A";"A";"A";"A";"B";"B";"A";"A";"A";"A";"Insuficiente";"Não"
15;1507508;16776144;278.323757;"A";"E";"E";"E";"B";"A";"A";"A";"A";"D";"E";"B";"C";"A";"A";"A";"C";"Básico";"Não"
15;1507508;16776145;250.946968;"A";"C";"F";"A";"B";"A";"A";"A";"A";"B";"A";"B";"C";"A";"A";"A";"C";"Básico";"Não"
15;1507508;16776146;228.904655;"A";"C";"B";"C";"B";"A";"A";"A";"A";"B";"B";"B";"C";"B";"A";"A";"D";"Básico";"Não"
15;1507508;16776147;233.949329;"C";"D";"F";"E";"A";"A";"A";"A";"A";"C";"A";"B";"A";"A";"A";"A";"C";"Básico";"Não"
15;1507508;16776148;273.193456;"A";"D";"B";"B";"A";"A";"A";"A";"A";"E";"D";"B";"A";"A";"A";"A";"C";"Básico";"Não"
15;1507508;16776150;301.235419;"A";"C";"C";"C";"B";"A";"A";"A";"A";"B";"B";"B";"A";"A";"Não Informado";"A";"A";"Proficiente";"Sim"
15;1507508;16777045;264.685917;"A";"C";"G";"G";"A";"A";"A";"A";"A";"C";"A";"A";"A";"A";"A";"B";"C";"Básico";"Não"
15;1507508;16777046;216.698832;"A";"D";"G";"G";"C";"B";"A";"A";"B";"A";"E";"B";"A";"A";"B";"A";"A";"Insuficiente";"Não"
15;1507508;16777047;222.031631;"B";"C";"E";"G";"B";"A";"A";"A";"A";"D";"A";"B";"A";"A";"A";"A";"A";"Insuficiente";"Não"
15;1507508;16777048;203.883504;"A";"D";"E";"D";"B";"A";"A";"A";"A";"B";"B";"B";"Não Informado";"A";"B";"A";"C";"Insuficiente";"Não"
15;1507508;16777049;238.580343;"A";"D";"B";"C";"A";"A";"A";"A";"A";"D";"A";"B";"A";"A";"A";"A";"C";"Básico";"Não"
15;1507508;16777050;216.119173;"B";"C";"B";"B";"B";"A";"A";"A";"A";"A";"E";"B";"A";"A";"A";"A";"A";"Insuficiente";"Não"
15;1507508;16777052;204.586071;"A";"D";"E";"B";"A";"A";"A";"A";"A";"A";"B";"B";"A";"Não Informado";"A";"A";"A";"Insuficiente";"Não"
15;1507508;16777053;232.175083;"A";"Não Informado";"B";"Não Informado";"Não Informado";"Não Informado";"Não Informado";"Não Informado";"Não Informado";"Não Informado";"Não Informado";"Não Informado";"Não Informado";"Não Informado";"Não Informado";"Não Informado";"Não Informado";"Básico";"Não"
15;1507508;16777054;163.216135;"A";"E";"B";"E";"B";"A";"A";"A";"A";"B";"A";"B";"A";"A";"B";"B";"A";"Insuficiente";"Não"
15;1507508;16777057;209.729171;"A";"C";"E";"B";"A";"A";"A";"A";"A";"E";"A";"Não Informado";"A";"A";"A";"A";"C";"Insuficiente";"Não"
15;1507508;16777058;263.227463;"A";"E";"F";"C";"B";"A";"A";"A";"A";"A";"A";"B";"C";"B";"C";"A";"C";"Básico";"Não"
15;1507508;16777059;187.031408;"A";"C";"C";"B";"A";"A";"A";"A";"A";"C";"A";"B";"B";"A";"A";"A";"C";"Insuficiente";"Não"
15;1507508;16777060;191.622292;"B";"C";"G";"G";"A";"A";"A";"A";"A";"C";"A";"B";"A";"B";"A";"A";"C";"Insuficiente";"Não"
15;1507508;16777061;216.670271;"B";"C";"B";"A";"A";"A";"A";"A";"A";"B";"A";"B";"A";"A";"A";"A";"C";"Insuficiente";"Não"
15;1507508;16777062;243.214432;"B";"C";"A";"G";"A";"A";"A";"A";"A";"C";"A";"B";"A";"A";"B";"A";"A";"Básico";"Não"
15;1507508;16777064;176.033419;"A";"B";"A";"A";"B";"A";"A";"A";"A";"A";"A";"Não Informado";"B";"Não Informado";"B";"B";"A";"Insuficiente";"Não"
15;1507508;16777065;224.236192;"A";"C";"E";"E";"B";"A";"A";"A";"A";"B";"D";"A";"A";"B";"B";"A";"A";"Insuficiente";"Não"
15;1507508;16777068;208.230306;"C";"E";"C";"D";"A";"A";"A";"A";"A";"A";"E";"B";"B";"A";"A";"A";"A";"Insuficiente";"Não"
15;1507508;16777070;183.5264;"B";"D";"D";"F";"B";"Não Informado";"B";"A";"B";"C";"E";"B";"A";"A";"A";"A";"B";"Insuficiente";"Não"
15;1507508;16777071;247.295243;"C";"C";"E";"C";"B";"Não Informado";"A";"Não Informado";"B";"B";"E";"A";"B";"A";"C";"B";"B";"Básico";"Não"
15;1507508;16777072;170.129065;"A";"D";"G";"G";"A";"A";"A";"A";"A";"A";"B";"B";"A";"A";"A";"A";"A";"Insuficiente";"Não"
16;1600550;16813458;246.694624;"A";"D";"G";"G";"B";"A";"A";"A";"A";"C";"B";"B";"C";"B";"C";"A";"D";"Básico";"Não"
16;1600550;16813459;242.117825;"A";"D";"C";"B";"C";"A";"A";"A";"A";"A";"B";"B";"A";"B";"A";"A";"C";"Básico";"Não"
16;1600550;16813460;193.01988;"A";"D";"D";"G";"A";"A";"A";"A";"A";"B";"D";"B";"B";"B";"B";"B";"D";"Insuficiente";"Não"
16;1600550;16813461;195.747314;"A";"B";"E";"G";"A";"A";"A";"B";"A";"C";"D";"A";"A";"A";"C";"A";"A";"Insuficiente";"Não"
16;1600550;16813462;288.937878;"A";"C";"F";"G";"A";"A";"A";"A";"A";"D";"A";"B";"A";"A";"A";"A";"C";"Básico";"Não"
16;1600550;16813463;258.68392;"B";"E";"D";"B";"A";"A";"A";"A";"A";"D";"E";"B";"A";"A";"C";"D";"Não Informado";"Básico";"Não"
16;1600550;16813464;216.04601;"B";"E";"E";"G";"B";"A";"A";"A";"A";"A";"A";"B";"B";"B";"B";"B";"A";"Insuficiente";"Não"
16;1600550;16813465;219.941761;"A";"D";"E";"D";"A";"A";"A";"A";"A";"A";"B";"B";"A";"A";"A";"A";"A";"Insuficiente";"Não"
16;1600550;16813466;198.404379;"A";"C";"B";"G";"C";"A";"A";"A";"A";"D";"A";"B";"A";"B";"B";"B";"A";"Insuficiente";"Não"
16;1600550;16813468;257.718938;"A";"B";"E";"D";"A";"A";"A";"A";"A";"B";"A";"B";"A";"B";"B";"A";"A";"Básico";"Não"
16;1600550;16813469;229.004367;"C";"E";"E";"C";"B";"A";"A";"A";"A";"C";"A";"B";"A";"B";"B";"B";"A";"Básico";"Não"
16;1600550;16813470;230.965014;"A";"E";"B";"G";"A";"A";"A";"A";"A";"D";"E";"B";"A";"A";"A";"A";"D";"Básico";"Não"
16;1600550;16813471;294.685342;"A";"D";"G";"G";"B";"A";"A";"A";"A";"B";"A";"B";"B";"A";"A";"A";"C";"Básico";"Não"
16;1600550;16813472;255.270631;"A";"D";"A";"G";"B";"A";"A";"B";"A";"D";"B";"B";"B";"B";"D";"D";"A";"Básico";"Não"
16;1600550;16813473;221.314253;"B";"E";"E";"C";"A";"A";"A";"A";"A";"B";"E";"B";"A";"B";"A";"A";"A";"Insuficiente";"Não"
16;1600550;16813474;243.547215;"B";"D";"E";"E";"A";"A";"A";"A";"A";"D";"C";"B";"A";"A";"B";"A";"C";"Básico";"Não"
16;1600550;16813475;241.848312;"A";"D";"G";"G";"A";"A";"A";"A";"A";"C";"E";"B";"C";"B";"B";"A";"A";"Básico";"Não"
16;1600550;16813476;223.170717;"A";"D";"E";"G";"B";"A";"A";"A";"A";"C";"E";"B";"B";"B";"C";"B";"A";"Insuficiente";"Não"
16;1600550;16813477;215.525988;"A";"D";"C";"F";"B";"A";"A";"B";"A";"D";"A";"B";"A";"B";"B";"B";"C";"Insuficiente";"Não"
16;1600550;16813478;279.517226;"B";"C";"E";"A";"A";"A";"A";"A";"A";"A";"B";"B";"A";"B";"B";"A";"A";"Básico";"Não"
16;1600550;16813479;188.468568;"A";"D";"C";"B";"B";"A";"A";"A";"A";"B";"A";"A";"B";"A";"B";"A";"B";"Insuficiente";"Não"
16;1600550;16813480;234.246005;"A";"C";"E";"E";"A";"A";"A";"A";"A";"B";"A";"B";"A";"A";"B";"B";"A";"Básico";"Não"
16;1600550;16813482;259.047723;"B";"E";"E";"E";"B";"A";"A";"A";"A";"A";"B";"B";"B";"A";"A";"A";"C";"Básico";"Não"
16;1600550;16813483;229.07004;"A";"B";"D";"D";"B";"A";"A";"A";"A";"D";"C";"B";"B";"A";"A";"A";"C";"Básico";"Não"
16;1600550;16813484;213.460319;"A";"C";"G";"F";"A";"A";"A";"A";"A";"A";"A";"B";"B";"B";"A";"A";"C";"Insuficiente";"Não"
21;2101806;17033492;279.490174;"B";"E";"E";"D";"B";"A";"A";"A";"A";"D";"A";"B";"A";"A";"A";"A";"A";"Básico";"Não"
21;2101806;17033493;234.959918;"B";"C";"E";"B";"Não Informado";"A";"A";"Não Informado";"A";"C";"B";"B";"A";"A";"Não Informado";"A";"Não Informado";"Básico";"Não"
21;2101806;17033494;244.110107;"D";"E";"F";"E";"B";"A";"A";"A";"A";"A";"A";"A";"Não Informado";"A";"A";"A";"C";"Básico";"Não"
21;2101806;17033496;185.995053;"A";"E";"C";"C";"A";"A";"A";"A";"B";"A";"C";"A";"B";"B";"A";"A";"D";"Insuficiente";"Não"
21;2101806;17033497;287.580924;"A";"B";"B";"B";"A";"A";"A";"A";"A";"C";"B";"A";"B";"A";"B";"B";"B";"Básico";"Não"
21;2101806;17033498;246.507832;"A";"E";"E";"B";"A";"A";"A";"A";"A";"D";"B";"A";"A";"B";"A";"A";"C";"Básico";"Não"
21;2101806;17033499;196.435293;"B";"D";"G";"G";"C";"A";"A";"A";"A";"A";"A";"Não Informado";"A";"B";"C";"A";"A";"Insuficiente";"Não"
21;2101806;17033500;221.28491;"B";"D";"G";"G";"B";"A";"A";"A";"A";"D";"B";"B";"A";"A";"A";"A";"A";"Insuficiente";"Não"
21;2101806;17033501;260.079048;"A";"D";"D";"G";"B";"A";"A";"A";"A";"D";"C";"B";"A";"A";"A";"A";"A";"Básico";"Não"
21;2101806;17033502;205.732925;"A";"A";"D";"G";"B";"A";"B";"A";"A";"D";"A";"A";"A";"A";"B";"A";"D";"Insuficiente";"Não"
21;2101806;17033505;226.533088;"A";"Não Informado";"F";"C";"B";"A";"B";"B";"A";"C";"C";"B";"A";"A";"A";"A";"C";"Básico";"Não"
21;2101806;17033506;268.901764;"A";"C";"E";"G";"B";"A";"A";"A";"A";"C";"B";"B";"A";"A";"A";"A";"A";"Básico";"Não"
21;2101806;17033507;216.175568;"A";"D";"D";"B";"B";"A";"A";"A";"A";"E";"E";"B";"A";"A";"A";"A";"A";"Insuficiente";"Não"
21;2101806;17033508;220.417293;"A";"E";"C";"C";"B";"A";"A";"A";"A";"A";"D";"A";"A";"A";"A";"A";"C";"Insuficiente";"Não"
21;2101806;17033509;251.11839;"A";"Não Informado";"D";"E";"A";"A";"A";"A";"A";"E";"D";"B";"A";"B";"C";"A";"C";"Básico";"Não"
21;2101806;17033510;225.298202;"A";"E";"D";"D";"A";"A";"A";"A";"A";"C";"A";"B";"A";"B";"A";"A";"C";"Básico";"Não"
21;2101806;17033511;260.688218;"A";"E";"D";"A";"A";"A";"A";"A";"A";"B";"A";"B";"B";"A";"A";"A";"C";"Básico";"Não"
21;2101806;17033515;258.734782;"B";"E";"D";"D";"B";"A";"A";"A";"A";"B";"A";"B";"B";"A";"A";"A";"C";"Básico";"Não"
21;2101806;17033516;202.709206;"Não Informado";"Não Informado";"Não Informado";"Não Informado";"Não Informado";"Não Informado";"Não Informado";"Não Informado";"Não Informado";"A";"A";"Não Informado";"Não Informado";"Não Informado";"Não Informado";"Não Informado";"Não Informado";"Insuficiente";"Não"
21;2101806;17033517;201.271767;"B";"D";"G";"G";"B";"A";"A";"A";"A";"C";"A";"B";"A";"B";"B";"A";"C";"Insuficiente";"Não"
21;2101806;17033518;271.069492;"B";"E";"Não Informado";"B";"A";"Não Informado";"Não Informado";"Não Informado";"Não Informado";"A";"E";"B";"A";"A";"A";"A";"A";"Básico";"Não"
21;2102754;16980943;219.736636;"A";"D";"E";"D";"A";"A";"A";"A";"A";"E";"A";"A";"A";"A";"A";"A";"C";"Insuficiente";"Não"
21;2102754;16980944;239.124455;"A";"C";"B";"B";"A";"A";"A";"A";"A";"E";"D";"A";"A";"A";"A";"A";"A";"Básico";"Não"
21;2102754;16980946;221.953102;"A";"B";"E";"C";"B";"A";"A";"A";"A";"A";"D";"B";"A";"A";"A";"A";"C";"Insuficiente";"Não"
21;2102754;16980952;178.442267;"A";"E";"B";"B";"B";"A";"A";"A";"A";"A";"A";"A";"C";"A";"B";"A";"A";"Insuficiente";"Não"
21;2102754;16980953;183.93788;"A";"E";"A";"G";"A";"A";"A";"A";"A";"C";"B";"B";"C";"B";"A";"B";"A";"Insuficiente";"Não"
21;2102754;16980954;168.477838;"A";"C";"B";"G";"A";"A";"A";"A";"A";"B";"C";"B";"A";"A";"A";"A";"D";"Insuficiente";"Não"
21;2102754;16980956;220.416063;"A";"D";"C";"B";"B";"A";"A";"A";"A";"A";"C";"A";"C";"A";"A";"A";"C";"Insuficiente";"Não"
21;2102754;16980957;245.687276;"A";"D";"A";"B";"B";"A";"A";"A";"A";"A";"E";"B";"B";"A";"A";"A";"A";"Básico";"Não"
21;2102754;16980962;171.205999;"A";"E";"B";"B";"A";"A";"A";"A";"A";"B";"E";"B";"B";"A";"A";"A";"C";"Insuficiente";"Não"
21;2102754;16980964;198.325683;"B";"D";"E";"E";"A";"A";"A";"A";"A";"B";"D";"B";"A";"A";"A";"A";"C";"Insuficiente";"Não"
21;2102754;16980965;227.946437;"A";"D";"B";"A";"B";"A";"A";"A";"A";"A";"C";"A";"A";"A";"A";"A";"A";"Básico";"Não"
21;2102754;16980966;239.690868;"A";"B";"E";"B";"A";"A";"A";"A";"A";"D";"D";"B";"B";"Não Informado";"A";"A";"A";"Básico";"Não"
21;2102754;17006539;235.1376;"B";"E";"E";"F";"A";"A";"A";"A";"A";"B";"C";"B";"A";"A";"B";"A";"B";"Básico";"Não"
21;2102754;17006540;188.025621;"A";"D";"E";"G";"A";"A";"A";"A";"A";"A";"A";"A";"B";"B";"A";"A";"C";"Insuficiente";"Não"
21;2102754;17006541;293.698954;"B";"D";"C";"G";"A";"A";"B";"B";"A";"D";"A";"B";"A";"A";"B";"B";"D";"Básico";"Não"
21;2102754;17006542;228.47747;"A";"D";"G";"G";"B";"A";"A";"A";"A";"A";"A";"B";"A";"B";"A";"A";"C";"Básico";"Não"
21;2102754;17006543;178.358763;"A";"D";"B";"A";"A";"A";"A";"A";"A";"A";"B";"B";"C";"A";"B";"A";"D";"Insuficiente";"Não"
21;2102754;17006544;229.840516;"A";"E";"A";"B";"A";"A";"A";"A";"A";"A";"B";"B";"B";"A";"A";"A";"C";"Básico";"Não"
21;2102754;17006545;226.395648;"A";"D";"G";"G";"B";"A";"A";"A";"A";"D";"B";"B";"B";"A";"A";"A";"A";"Básico";"Não"
21;2102754;17006546;245.421956;"A";"E";"C";"C";"B";"A";"A";"A";"A";"B";"A";"B";"A";"A";"B";"A";"A";"Básico";"Não"
21;2102754;17006547;228.517824;"A";"D";"B";"A";"A";"A";"A";"A";"A";"B";"A";"B";"B";"A";"A";"A";"A";"Básico";"Não"
21;2102754;17006548;237.699704;"A";"D";"E";"G";"A";"A";"B";"B";"A";"D";"E";"A";"B";"B";"A";"A";"C";"Básico";"Não"
21;2102754;17006549;212.566601;"A";"E";"E";"A";"B";"A";"A";"A";"A";"E";"D";"A";"Não Informado";"A";"B";"A";"C";"Insuficiente";"Não"
21;2102754;17006550;223.586276;"B";"D";"B";"C";"B";"A";"B";"A";"A";"D";"D";"B";"B";"B";"A";"A";"D";"Insuficiente";"Não"
21;2102754;17006551;212.656699;"B";"C";"E";"C";"A";"A";"A";"A";"A";"A";"D";"B";"A";"B";"B";"A";"D";"Insuficiente";"Não"
21;2102754;17006552;202.998505;"A";"E";"B";"G";"A";"A";"A";"B";"A";"B";"C";"B";"A";"B";"B";"A";"A";"Insuficiente";"Não"
21;2102754;17006553;183.045559;"A";"C";"C";"C";"A";"A";"A";"A";"A";"A";"A";"B";"A";"B";"A";"A";"A";"Insuficiente";"Não"
21;2102754;17006555;199.311009;"B";"D";"G";"G";"A";"A";"A";"A";"A";"C";"B";"B";"B";"B";"B";"A";"D";"Insuficiente";"Não"
21;2102754;17006558;184.25423;"A";"D";"B";"B";"A";"A";"A";"A";"A";"D";"E";"B";"A";"B";"A";"A";"C";"Insuficiente";"Não"
21;2102754;17006559;211.090876;"A";"D";"B";"A";"A";"A";"A";"A";"A";"D";"A";"B";"B";"B";"A";"A";"C";"Insuficiente";"Não"
21;2102754;17006560;211.841342;"A";"E";"D";"D";"A";"A";"A";"A";"A";"A";"A";"B";"A";"A";"A";"A";"D";"Insuficiente";"Não"
21;2102754;17006561;175.620375;"A";"B";"G";"G";"Não Informado";"A";"A";"A";"A";"A";"E";"B";"B";"B";"A";"Não Informado";"A";"Insuficiente";"Não"
21;2102754;17006562;209.687699;"A";"E";"C";"G";"A";"A";"A";"A";"A";"C";"A";"B";"A";"B";"B";"A";"A";"Insuficiente";"Não"
21;2102754;17006563;244.036944;"A";"E";"C";"A";"A";"A";"A";"A";"A";"C";"A";"B";"A";"A";"A";"A";"A";"Básico";"Não"
21;2102754;17006566;231.228155;"B";"D";"E";"E";"A";"A";"A";"A";"A";"C";"A";"B";"A";"A";"A";"A";"A";"Básico";"Não"
21;2102754;17006567;249.435081;"A";"D";"A";"C";"A";"A";"A";"A";"A";"A";"A";"B";"A";"Não Informado";"A";"A";"A";"Básico";"Não"
21;2102754;17006568;193.562203;"A";"D";"E";"D";"B";"A";"A";"A";"A";"D";"E";"B";"A";"A";"B";"B";"A";"Insuficiente";"Não"
21;2102754;17006569;213.095957;"A";"D";"B";"B";"A";"A";"A";"A";"A";"A";"A";"A";"B";"Não Informado";"C";"A";"C";"Insuficiente";"Não"
21;2102754;17006571;254.140544;"A";"C";"C";"C";"A";"A";"A";"A";"A";"C";"C";"B";"A";"A";"B";"A";"A";"Básico";"Não"
21;2102754;17006572;218.113747;"A";"C";"B";"E";"A";"A";"A";"A";"A";"D";"B";"B";"A";"A";"A";"A";"C";"Insuficiente";"Não"
21;2102754;17006573;250.177275;"C";"D";"F";"F";"A";"A";"A";"A";"A";"C";"D";"B";"A";"A";"A";"A";"C";"Básico";"Não"
21;2102754;17006575;207.492416;"B";"E";"E";"E";"A";"A";"A";"A";"A";"D";"E";"B";"A";"A";"A";"A";"A";"Insuficiente";"Não"
21;2102754;17006576;265.880169;"B";"D";"D";"G";"A";"A";"A";"A";"A";"B";"B";"B";"A";"A";"A";"A";"A";"Básico";"Não"
21;2102754;17006577;217.656771;"A";"D";"C";"C";"A";"A";"A";"A";"A";"A";"E";"B";"B";"A";"A";"A";"C";"Insuficiente";"Não"
21;2102754;17006578;201.925875;"A";"B";"C";"C";"A";"A";"A";"A";"A";"C";"A";"A";"C";"B";"A";"A";"C";"Insuficiente";"Não"
21;2102754;17006580;266.808484;"A";"C";"D";"C";"B";"A";"A";"A";"A";"B";"A";"B";"A";"A";"A";"A";"A";"Básico";"Não"
21;2102754;17006581;259.672152;"A";"C";"B";"B";"A";"A";"A";"A";"A";"D";"B";"B";"A";"A";"A";"A";"D";"Básico";"Não"
21;2102754;17006582;261.203266;"A";"D";"E";"E";"A";"A";"A";"A";"A";"C";"A";"B";"A";"A";"A";"A";"C";"Básico";"Não"
21;2102754;17006583;275.300597;"B";"D";"F";"G";"A";"A";"A";"A";"A";"C";"C";"A";"A";"B";"B";"A";"A";"Básico";"Não"
21;2102754;17006584;240.515727;"A";"C";"C";"A";"A";"A";"A";"A";"A";"A";"E";"B";"B";"A";"A";"A";"B";"Básico";"Não"
21;2102754;17006585;284.757076;"A";"D";"E";"D";"A";"A";"A";"A";"A";"A";"B";"B";"A";"A";"B";"B";"A";"Básico";"Não"
21;2102754;17006586;273.702188;"A";"Não Informado";"E";"E";"B";"A";"A";"A";"A";"B";"E";"A";"B";"A";"A";"A";"C";"Básico";"Não"
21;2102754;17006587;283.111102;"C";"D";"E";"D";"A";"A";"A";"A";"A";"D";"A";"B";"A";"A";"Não Informado";"A";"A";"Básico";"Não"
21;2102754;17006588;254.18632;"A";"C";"C";"G";"A";"A";"A";"A";"A";"C";"E";"B";"A";"A";"A";"A";"D";"Básico";"Não"
21;2102754;17006592;249.679162;"B";"D";"E";"E";"A";"A";"A";"A";"A";"A";"A";"B";"A";"A";"A";"A";"C";"Básico";"Não"
21;2102754;17006593;270.759401;"B";"C";"G";"G";"B";"A";"A";"A";"A";"B";"E";"A";"A";"A";"B";"B";"C";"Básico";"Não"
21;2102754;17006594;235.879235;"B";"Não Informado";"G";"G";"Não Informado";"A";"A";"A";"A";"B";"B";"B";"B";"B";"B";"B";"A";"Básico";"Não"
21;2102754;17006596;252.955068;"B";"C";"E";"C";"A";"A";"A";"A";"A";"A";"A";"B";"B";"A";"A";"A";"A";"Básico";"Não"
21;2102754;17006597;182.363337;"B";"D";"E";"D";"B";"A";"A";"A";"A";"A";"A";"B";"C";"A";"A";"A";"C";"Insuficiente";"Não"
21;2102754;17006598;237.58328;"B";"C";"E";"E";"B";"A";"A";"A";"A";"C";"A";"A";"C";"A";"B";"A";"C";"Básico";"Não"
21;2102754;17006599;215.148156;"A";"D";"G";"G";"A";"A";"A";"A";"A";"D";"E";"B";"A";"A";"A";"A";"C";"Insuficiente";"Não"
21;2102754;17088445;253.314008;"B";"D";"E";"G";"A";"A";"A";"A";"A";"A";"A";"A";"B";"A";"A";"A";"A";"Básico";"Não"
21;2102754;17088446;204.020664;"A";"D";"C";"E";"A";"A";"A";"A";"A";"Não Informado";"C";"B";"A";"A";"A";"A";"A";"Insuficiente";"Não"
21;2102754;17088448;207.046116;"A";"C";"B";"C";"B";"A";"A";"A";"A";"D";"C";"A";"A";"A";"A";"A";"C";"Insuficiente";"Não"
21;2102754;17088449;188.658937;"A";"C";"A";"G";"A";"A";"A";"A";"A";"D";"B";"B";"B";"B";"B";"A";"A";"Insuficiente";"Não"
21;2102754;17088450;207.568597;"A";"E";"G";"G";"A";"A";"A";"A";"A";"D";"E";"B";"A";"A";"A";"A";"A";"Insuficiente";"Não"
21;2102754;17088451;226.846252;"A";"C";"B";"A";"A";"A";"A";"A";"A";"A";"A";"B";"B";"A";"A";"A";"A";"Básico";"Não"
21;2102754;17088452;249.34012;"A";"Não Informado";"D";"C";"A";"A";"A";"B";"A";"A";"E";"B";"B";"A";"A";"A";"D";"Básico";"Não"
21;2102754;17088453;184.129479;"B";"D";"C";"B";"A";"A";"A";"Não Informado";"A";"A";"B";"A";"A";"A";"B";"A";"B";"Insuficiente";"Não"
21;2102754;17088454;291.639322;"A";"C";"C";"B";"A";"A";"A";"A";"A";"B";"B";"A";"A";"A";"A";"A";"C";"Básico";"Não"
21;2102754;17088455;219.950313;"A";"D";"A";"C";"B";"A";"A";"A";"A";"B";"E";"B";"B";"A";"A";"A";"D";"Insuficiente";"Não"
21;2102754;17088457;210.906822;"A";"C";"B";"C";"A";"A";"A";"A";"A";"A";"E";"B";"B";"A";"A";"B";"D";"Insuficiente";"Não"
21;2102754;17088458;245.938513;"A";"D";"C";"C";"A";"A";"A";"A";"A";"B";"A";"B";"B";"B";"B";"A";"C";"Básico";"Não"
21;2102754;17088459;266.903501;"A";"C";"B";"A";"B";"A";"A";"A";"A";"B";"E";"B";"A";"B";"A";"A";"A";"Básico";"Não"
21;2102754;17088460;204.550467;"A";"C";"D";"G";"C";"A";"A";"A";"A";"A";"A";"B";"A";"A";"A";"A";"A";"Insuficiente";"Não"
21;2102754;17088461;192.449219;"A";"D";"B";"B";"A";"A";"A";"A";"A";"A";"B";"B";"A";"B";"B";"A";"A";"Insuficiente";"Não"
21;2102754;17088462;210.960144;"C";"E";"F";"G";"A";"A";"A";"A";"A";"B";"E";"B";"C";"A";"A";"A";"A";"Insuficiente";"Não"
21;2102754;17088463;276.143844;"A";"D";"A";"A";"B";"A";"A";"A";"A";"E";"C";"B";"C";"A";"A";"A";"C";"Básico";"Não"
21;2102754;17088465;207.050028;"A";"D";"C";"A";"B";"A";"A";"B";"A";"C";"D";"B";"A";"A";"A";"B";"A";"Insuficiente";"Não"
21;2102754;17088466;173.077945;"A";"D";"D";"B";"A";"A";"A";"A";"A";"B";"E";"B";"A";"A";"D";"D";"D";"Insuficiente";"Não"
21;2102754;17088468;236.667932;"A";"C";"B";"B";"A";"A";"A";"A";"A";"B";"A";"A";"A";"A";"A";"B";"C";"Básico";"Não"
21;2102754;17088469;281.091657;"A";"C";"A";"G";"A";"A";"A";"A";"A";"B";"C";"B";"A";"B";"A";"A";"C";"Básico";"Não"
21;2102754;17088471;232.889051;"A";"B";"B";"G";"B";"A";"A";"A";"A";"C";"B";"B";"B";"B";"A";"A";"C";"Básico";"Não"
21;2102754;17088472;242.329657;"A";"D";"E";"G";"B";"A";"A";"A";"A";"B";"E";"A";"C";"A";"A";"A";"C";"Básico";"Não"
21;2102754;17088473;253.982257;"A";"D";"D";"C";"B";"A";"A";"A";"A";"D";"C";"B";"A";"B";"A";"A";"A";"Básico";"Não"
21;2102754;17088474;201.775804;"A";"D";"C";"G";"A";"A";"A";"A";"A";"A";"B";"A";"B";"B";"B";"A";"D";"Insuficiente";"Não"
21;2102754;17088475;173.977084;"B";"D";"G";"G";"B";"A";"A";"A";"A";"A";"B";"B";"B";"B";"B";"A";"D";"Insuficiente";"Não"
21;2102754;17088477;228.497647;"A";"C";"D";"G";"Não Informado";"A";"A";"A";"A";"B";"A";"B";"A";"B";"C";"A";"C";"Básico";"Não"
21;2106359;16954281;269.010921;"A";"B";"D";"A";"B";"A";"B";"A";"A";"E";"A";"B";"C";"B";"B";"A";"A";"Básico";"Não"
21;2106359;16954283;299.958336;"B";"C";"F";"C";"A";"A";"A";"A";"A";"B";"A";"B";"B";"A";"A";"A";"C";"Básico";"Não"
21;2106359;16954284;263.344669;"A";"D";"G";"G";"B";"A";"A";"A";"A";"A";"E";"B";"B";"A";"A";"B";"D";"Básico";"Não"
21;2106359;16954285;292.697419;"A";"D";"C";"G";"A";"A";"A";"B";"A";"B";"E";"B";"B";"A";"A";"A";"C";"Básico";"Não"
21;2106359;16954286;236.827336;"A";"C";"G";"G";"B";"A";"A";"A";"A";"A";"A";"B";"B";"A";"B";"A";"A";"Básico";"Não"
21;2106359;16954289;248.112836;"B";"D";"B";"G";"A";"A";"A";"A";"A";"A";"A";"B";"C";"A";"A";"A";"A";"Básico";"Não"
21;2106359;16954290;215.556337;"B";"E";"E";"G";"A";"A";"A";"A";"A";"A";"A";"B";"A";"A";"A";"A";"A";"Insuficiente";"Não"
21;2106359;16954291;274.110705;"Não Informado";"E";"C";"A";"A";"A";"A";"A";"A";"A";"B";"B";"C";"A";"B";"A";"C";"Básico";"Não"
21;2106359;16954292;276.47646;"B";"C";"F";"B";"A";"A";"A";"A";"A";"B";"C";"B";"B";"A";"A";"A";"C";"Básico";"Não"
21;2106359;16954293;222.381629;"A";"D";"B";"B";"A";"A";"A";"A";"A";"B";"B";"B";"A";"B";"A";"A";"A";"Insuficiente";"Não"
21;2106359;16954294;268.004468;"B";"C";"C";"C";"B";"A";"A";"A";"A";"B";"E";"B";"B";"A";"A";"A";"C";"Básico";"Não"
21;2106359;16954296;215.449527;"A";"C";"G";"G";"B";"A";"A";"A";"A";"A";"A";"B";"A";"A";"A";"A";"D";"Insuficiente";"Não"
21;2106359;16954297;244.956484;"A";"C";"G";"G";"A";"A";"A";"A";"A";"C";"A";"B";"A";"A";"A";"A";"C";"Básico";"Não"
21;2106359;16954298;190.535801;"A";"D";"B";"B";"A";"A";"A";"A";"A";"A";"E";"B";"A";"A";"A";"A";"A";"Insuficiente";"Não"
21;2106359;16954299;236.306588;"A";"D";"E";"B";"A";"A";"A";"A";"A";"E";"B";"B";"A";"A";"A";"A";"C";"Básico";"Não"
21;2106359;16954300;270.104343;"A";"D";"A";"A";"A";"A";"A";"A";"A";"B";"B";"B";"A";"A";"A";"A";"A";"Básico";"Não"
21;2106359;16954301;270.892313;"B";"D";"G";"G";"A";"A";"A";"A";"A";"B";"A";"B";"A";"A";"A";"A";"A";"Básico";"Não"
21;2106359;16954302;287.660738;"A";"B";"C";"A";"B";"A";"A";"A";"A";"E";"B";"B";"B";"B";"A";"Não Informado";"C";"Básico";"Não"
21;2106359;16954303;289.755862;"A";"C";"E";"B";"B";"A";"A";"A";"A";"D";"A";"B";"B";"A";"B";"A";"C";"Básico";"Não"
21;2106359;16954304;203.145837;"B";"D";"E";"G";"B";"A";"B";"B";"A";"A";"E";"A";"A";"A";"B";"A";"C";"Insuficiente";"Não"
21;2106359;16954305;294.168952;"B";"C";"C";"B";"A";"A";"B";"A";"A";"E";"E";"B";"A";"B";"A";"A";"A";"Básico";"Não"
21;2106359;16954306;272.257986;"A";"D";"D";"C";"A";"A";"A";"A";"A";"B";"B";"B";"A";"A";"A";"A";"A";"Básico";"Não"
21;2106359;16954307;224.236416;"A";"D";"C";"B";"A";"A";"A";"A";"A";"E";"A";"B";"B";"A";"A";"A";"C";"Insuficiente";"Não"
21;2106359;16954310;224.536949;"A";"D";"A";"B";"C";"A";"A";"A";"A";"A";"C";"B";"A";"A";"A";"A";"A";"Insuficiente";"Não"
21;2106359;16954312;176.237482;"A";"D";"C";"C";"A";"A";"A";"A";"A";"A";"A";"B";"B";"B";"B";"A";"D";"Insuficiente";"Não"
21;2106359;16954313;242.115813;"A";"D";"G";"G";"A";"A";"A";"A";"A";"B";"B";"B";"A";"A";"B";"A";"C";"Básico";"Não"
21;2106359;16954314;232.646926;"A";"D";"C";"Não Informado";"Não Informado";"Não Informado";"Não Informado";"Não Informado";"Não Informado";"Não Informado";"Não Informado";"Não Informado";"Não Informado";"Não Informado";"Não Informado";"Não Informado";"Não Informado";"Básico";"Não"
21;2106359;16954315;285.300629;"A";"D";"B";"G";"B";"A";"B";"B";"A";"B";"A";"B";"C";"A";"A";"A";"C";"Básico";"Não"
21;2106359;16954316;212.640379;"A";"C";"B";"A";"A";"A";"A";"A";"A";"A";"A";"A";"A";"B";"A";"A";"A";"Insuficiente";"Não"
21;2106359;16954317;220.851129;"C";"C";"F";"E";"A";"A";"A";"B";"A";"B";"A";"B";"C";"B";"A";"A";"A";"Insuficiente";"Não"
21;2106359;16954318;261.353728;"B";"D";"C";"D";"A";"A";"A";"A";"A";"B";"A";"A";"C";"A";"A";"A";"C";"Básico";"Não"
21;2106359;16954319;256.473154;"A";"C";"B";"B";"A";"A";"A";"A";"A";"D";"D";"A";"C";"B";"B";"A";"C";"Básico";"Não"
21;2106359;16954320;202.166156;"A";"C";"C";"C";"B";"A";"A";"A";"A";"B";"Não Informado";"B";"C";"A";"B";"A";"A";"Insuficiente";"Não"
21;2106359;16954321;279.573789;"A";"B";"C";"G";"A";"A";"A";"A";"A";"E";"E";"B";"C";"B";"A";"A";"D";"Básico";"Não"
21;2106359;16954322;269.092077;"A";"C";"G";"A";"B";"A";"A";"A";"A";"D";"E";"A";"B";"A";"A";"A";"D";"Básico";"Não"
21;2106359;16954323;230.884473;"A";"B";"C";"A";"A";"A";"A";"A";"A";"B";"A";"B";"B";"A";"A";"A";"C";"Básico";"Não"
21;2106359;16954325;255.694965;"A";"C";"B";"G";"B";"A";"A";"A";"A";"B";"E";"A";"C";"A";"B";"A";"C";"Básico";"Não"
21;2106359;16954326;220.798088;"A";"D";"C";"B";"A";"A";"A";"Não Informado";"A";"D";"B";"B";"B";"B";"B";"A";"A";"Insuficiente";"Não"
21;2106359;16954327;243.00696;"A";"C";"C";"G";"A";"A";"A";"A";"A";"A";"E";"B";"B";"A";"A";"A";"C";"Básico";"Não"
21;2106359;16954329;234.11667;"A";"C";"B";"C";"A";"A";"A";"A";"A";"A";"B";"B";"B";"A";"A";"A";"D";"Básico";"Não"
21;2106359;16954330;243.048488;"B";"D";"B";"B";"A";"A";"A";"A";"A";"B";"B";"A";"B";"B";"A";"A";"C";"Básico";"Não"
21;2106359;16954331;240.783619;"B";"D";"E";"E";"A";"A";"A";"A";"A";"B";"A";"B";"B";"A";"A";"A";"C";"Básico";"Não"
21;2106359;16954332;240.558038;"E";"C";"D";"G";"A";"A";"A";"A";"A";"D";"A";"B";"B";"A";"B";"A";"A";"Básico";"Não"
21;2106359;16954335;250.99688;"A";"D";"F";"B";"A";"A";"Não Informado";"Não Informado";"Não Informado";"D";"D";"B";"B";"Não Informado";"A";"A";"A";"Básico";"Não"
21;2106359;16954336;169.492452;"A";"C";"C";"C";"B";"A";"A";"A";"A";"B";"D";"A";"B";"A";"B";"B";"C";"Insuficiente";"Não"
21;2106359;16954338;236.551284;"A";"D";"A";"A";"A";"A";"A";"A";"A";"C";"D";"B";"B";"B";"B";"A";"C";"Básico";"Não"
21;2110807;17051501;214.431895;"A";"D";"E";"E";"A";"A";"A";"A";"A";"A";"B";"B";"B";"A";"A";"A";"C";"Insuficiente";"Não"
21;2110807;17051502;243.702205;"B";"E";"C";"B";"B";"A";"A";"A";"A";"C";"B";"B";"B";"A";"B";"B";"C";"Básico";"Não"
21;2110807;17051503;165.717819;"A";"B";"G";"G";"A";"A";"A";"A";"A";"B";"A";"B";"C";"Não Informado";"B";"A";"D";"Insuficiente";"Não"
21;2110807;17051504;218.652325;"A";"D";"E";"Não Informado";"Não Informado";"Não Informado";"Não Informado";"Não Informado";"Não Informado";"Não Informado";"Não Informado";"Não Informado";"Não Informado";"Não Informado";"Não Informado";"Não Informado";"Não Informado";"Insuficiente";"Não"
21;2110807;17051505;230.017192;"A";"C";"F";"E";"A";"A";"A";"A";"A";"D";"A";"B";"A";"B";"A";"A";"C";"Básico";"Não"
21;2110807;17051507;193.48278;"A";"E";"G";"G";"B";"A";"A";"A";"A";"B";"D";"B";"B";"A";"B";"A";"D";"Insuficiente";"Não"
21;2110807;17051508;209.995386;"A";"D";"C";"B";"B";"A";"A";"A";"A";"A";"A";"B";"A";"B";"B";"A";"A";"Insuficiente";"Não"
21;2110807;17051509;184.751616;"A";"E";"C";"B";"B";"A";"Não Informado";"Não Informado";"A";"E";"B";"B";"A";"A";"A";"A";"A";"Insuficiente";"Não"
21;2110807;17051510;241.441863;"A";"E";"E";"C";"A";"A";"A";"A";"A";"A";"B";"B";"B";"B";"B";"A";"C";"Básico";"Não"
21;2110807;17051512;280.557494;"B";"C";"E";"C";"A";"A";"A";"A";"A";"C";"A";"B";"A";"A";"A";"A";"C";"Básico";"Não"
21;2110807;17051513;230.554652;"A";"D";"E";"B";"B";"A";"A";"A";"A";"A";"B";"B";"A";"A";"A";"A";"C";"Básico";"Não"
21;2110807;17051514;212.479576;"B";"E";"G";"G";"A";"A";"A";"A";"A";"A";"A";"B";"A";"A";"A";"A";"C";"Insuficiente";"Não"
21;2110807;17051515;232.510493;"A";"D";"A";"G";"B";"A";"A";"B";"A";"D";"C";"B";"A";"B";"B";"A";"A";"Básico";"Não"
21;2110807;17051516;242.285837;"A";"D";"G";"G";"A";"A";"A";"A";"A";"A";"A";"B";"A";"B";"A";"A";"A";"Básico";"Não"
21;2110807;17051517;238.264887;"A";"B";"E";"Não Informado";"Não Informado";"Não Informado";"Não Informado";"Não Informado";"Não Informado";"Não Informado";"Não Informado";"Não Informado";"Não Informado";"Não Informado";"Não Informado";"Não Informado";"Não Informado";"Básico";"Não"
21;2110807;17051519;207.687815;"A";"D";"E";"B";"A";"A";"A";"A";"A";"A";"A";"B";"A";"A";"A";"A";"C";"Insuficiente";"Não"
21;2110807;17051520;271.446485;"A";"D";"B";"Não Informado";"Não Informado";"Não Informado";"Não Informado";"Não Informado";"Não Informado";"Não Informado";"Não Informado";"Não Informado";"Não Informado";"Não Informado";"Não Informado";"Não Informado";"Não Informado";"Básico";"Não"
21;2110807;17051521;253.658584;"A";"D";"C";"A";"A";"A";"A";"A";"A";"D";"A";"Não Informado";"C";"B";"A";"A";"C";"Básico";"Não"
21;2111078;17014286;202.847987;"A";"E";"Não Informado";"D";"B";"A";"A";"A";"A";"E";"B";"B";"C";"A";"A";"A";"D";"Insuficiente";"Não"
21;2111078;17014287;249.066974;"A";"D";"B";"D";"B";"A";"A";"A";"A";"E";"A";"B";"C";"A";"A";"A";"C";"Básico";"Não"
21;2111078;17014288;250.701154;"Não Informado";"D";"C";"B";"B";"A";"A";"A";"A";"A";"B";"B";"C";"A";"B";"A";"A";"Básico";"Não"
21;2111078;17014290;235.483908;"A";"C";"D";"A";"A";"A";"A";"A";"A";"A";"E";"B";"B";"Não Informado";"A";"A";"C";"Básico";"Não"
21;2111078;17014291;185.514714;"A";"D";"B";"B";"A";"A";"A";"A";"A";"C";"A";"Não Informado";"B";"Não Informado";"A";"A";"A";"Insuficiente";"Não"
21;2111078;17014292;210.669839;"A";"D";"B";"B";"A";"A";"A";"A";"B";"B";"E";"A";"B";"B";"A";"A";"A";"Insuficiente";"Não"
21;2111078;17014293;191.041236;"A";"C";"B";"B";"B";"A";"A";"A";"A";"E";"E";"B";"B";"B";"A";"A";"C";"Insuficiente";"Não"
21;2111078;17014294;185.754995;"A";"C";"A";"A";"A";"A";"A";"A";"A";"E";"C";"B";"B";"A";"A";"A";"C";"Insuficiente";"Não"
21;2111078;17014295;196.475926;"A";"C";"G";"G";"B";"A";"A";"A";"A";"A";"D";"A";"Não Informado";"B";"B";"A";"C";"Insuficiente";"Não"
21;2111078;17014297;226.886048;"A";"D";"G";"G";"A";"A";"A";"A";"A";"D";"A";"A";"C";"A";"A";"A";"A";"Básico";"Não"
21;2111078;17014298;166.725614;"A";"B";"G";"G";"B";"A";"A";"A";"A";"E";"A";"A";"A";"A";"A";"A";"A";"Insuficiente";"Não"
21;2111078;17014299;185.981247;"A";"C";"B";"B";"B";"A";"A";"A";"A";"A";"B";"B";"B";"Não Informado";"B";"A";"A";"Insuficiente";"Não"
21;2111078;17014300;258.237731;"A";"C";"B";"C";"B";"A";"A";"A";"A";"B";"C";"A";"B";"B";"B";"A";"A";"Básico";"Não"
21;2111078;17014301;238.759311;"A";"C";"B";"G";"B";"A";"A";"A";"A";"D";"A";"B";"B";"B";"C";"B";"D";"Básico";"Não"
21;2111078;17014303;232.532235;"A";"C";"B";"A";"B";"B";"A";"B";"A";"E";"A";"A";"A";"A";"A";"A";"D";"Básico";"Não"
21;2111078;17014304;249.845163;"A";"B";"D";"C";"A";"A";"A";"A";"A";"A";"A";"B";"B";"A";"B";"C";"D";"Básico";"Não"
21;2111078;17014305;208.279827;"A";"B";"A";"B";"A";"B";"A";"Não Informado";"A";"E";"A";"B";"A";"A";"B";"A";"D";"Insuficiente";"Não"
21;2111078;17014306;262.830739;"A";"C";"C";"A";"A";"A";"A";"A";"A";"C";"A";"Não Informado";"A";"B";"A";"A";"C";"Básico";"Não"
21;2111078;17014307;233.903832;"A";"Não Informado";"C";"C";"B";"A";"A";"A";"A";"B";"C";"B";"A";"B";"B";"A";"A";"Básico";"Não"
21;2111078;17014308;182.422695;"A";"C";"A";"G";"C";"A";"A";"A";"A";"E";"B";"A";"B";"A";"A";"A";"D";"Insuficiente";"Não"
21;2111078;17014309;233.52913;"A";"Não Informado";"D";"A";"A";"A";"A";"A";"A";"B";"B";"B";"Não Informado";"A";"A";"B";"C";"Básico";"Não"
21;2111078;17014310;175.895086;"A";"C";"C";"C";"A";"A";"A";"A";"A";"B";"A";"A";"B";"A";"A";"A";"A";"Insuficiente";"Não"
21;2111078;17014311;187.820384;"A";"C";"B";"B";"A";"A";"A";"A";"A";"E";"B";"Não Informado";"B";"A";"A";"A";"A";"Insuficiente";"Não"
21;2111078;17014312;164.322076;"A";"E";"B";"C";"A";"A";"A";"A";"A";"A";"B";"B";"A";"A";"A";"A";"C";"Insuficiente";"Não"
21;2111078;17014313;173.422521;"A";"D";"B";"B";"A";"A";"A";"A";"A";"C";"B";"A";"B";"A";"B";"A";"C";"Insuficiente";"Não"
21;2111078;17014314;216.650933;"A";"D";"E";"C";"B";"A";"A";"A";"A";"D";"A";"B";"B";"B";"B";"A";"C";"Insuficiente";"Não"
21;2111078;17014315;200.026319;"A";"D";"A";"A";"C";"B";"B";"B";"B";"A";"C";"B";"B";"B";"A";"A";"C";"Insuficiente";"Não"
21;2111078;17014540;291.979203;"B";"E";"D";"G";"B";"A";"A";"A";"A";"C";"B";"B";"C";"A";"A";"A";"D";"Básico";"Não"
21;2111078;17014542;188.257854;"A";"E";"Não Informado";"B";"B";"A";"A";"A";"A";"E";"D";"B";"C";"A";"B";"B";"A";"Insuficiente";"Não"
21;2111078;17014543;235.310866;"A";"C";"B";"B";"B";"A";"A";"A";"A";"A";"B";"A";"C";"A";"A";"A";"A";"Básico";"Não"
21;2111078;17014544;236.45487;"A";"Não Informado";"A";"G";"C";"A";"A";"A";"A";"E";"C";"B";"C";"B";"B";"B";"C";"Básico";"Não"
21;2111078;17014545;230.301516;"A";"D";"E";"D";"A";"A";"A";"B";"A";"E";"E";"B";"C";"B";"B";"B";"D";"Básico";"Não"
21;2111078;17014546;231.653551;"B";"D";"F";"F";"C";"A";"A";"A";"A";"C";"E";"B";"B";"A";"A";"A";"C";"Básico";"Não"
21;2111078;17014547;158.738209;"A";"D";"G";"G";"A";"A";"A";"A";"A";"D";"B";"B";"B";"A";"B";"A";"C";"Insuficiente";"Não"
21;2111078;17014552;243.01853;"A";"C";"D";"C";"B";"A";"A";"A";"A";"A";"A";"B";"B";"A";"B";"B";"A";"Básico";"Não"
21;2111078;17014553;258.178988;"A";"D";"B";"G";"B";"A";"A";"A";"A";"B";"B";"B";"C";"A";"B";"B";"C";"Básico";"Não"
21;2111078;17014554;242.961855;"A";"D";"C";"B";"A";"A";"A";"A";"A";"D";"A";"B";"A";"A";"A";"A";"C";"Básico";"Não"
21;2111078;17014555;269.097387;"A";"E";"E";"A";"B";"A";"B";"B";"A";"E";"C";"B";"A";"A";"A";"A";"C";"Básico";"Não"
21;2111078;17014556;258.368351;"A";"D";"F";"G";"B";"A";"A";"A";"A";"C";"A";"B";"B";"A";"A";"A";"C";"Básico";"Não"
21;2111078;17014558;248.691266;"A";"D";"C";"B";"B";"A";"A";"A";"A";"A";"B";"B";"B";"A";"A";"A";"A";"Básico";"Não"
21;2111078;17014559;246.163367;"B";"C";"C";"B";"B";"A";"A";"A";"A";"B";"C";"B";"A";"A";"A";"A";"C";"Básico";"Não"
21;2111078;17014560;275.768807;"B";"E";"E";"D";"C";"A";"A";"A";"A";"A";"E";"A";"A";"A";"A";"A";"C";"Básico";"Não"
21;2111078;17014561;235.225742;"A";"D";"A";"A";"B";"A";"A";"A";"A";"B";"A";"B";"B";"B";"B";"A";"B";"Básico";"Não"
21;2111078;17014562;243.738535;"A";"C";"C";"G";"C";"A";"A";"B";"A";"E";"C";"B";"B";"B";"B";"B";"C";"Básico";"Não"
21;2111078;17014563;249.629921;"A";"B";"G";"G";"B";"A";"A";"A";"A";"B";"B";"B";"B";"A";"B";"A";"C";"Básico";"Não"
21;2111078;17014567;204.75794;"A";"E";"E";"B";"A";"A";"A";"A";"A";"A";"B";"B";"B";"B";"B";"A";"A";"Insuficiente";"Não"
21;2111078;17014568;267.213871;"B";"C";"F";"E";"B";"A";"A";"A";"A";"C";"B";"B";"B";"A";"B";"A";"A";"Básico";"Não"
21;2111078;17014569;220.671547;"A";"D";"E";"G";"C";"A";"A";"A";"A";"A";"C";"B";"C";"A";"A";"A";"C";"Insuficiente";"Não"
21;2111078;17014570;297.804413;"B";"E";"B";"G";"A";"A";"A";"A";"A";"A";"Não Informado";"B";"C";"B";"A";"A";"C";"Básico";"Não"
21;2111078;17014571;264.330554;"A";"D";"C";"G";"A";"A";"A";"A";"A";"C";"A";"B";"C";"A";"A";"A";"A";"Básico";"Não"
21;2111078;17014572;203.538816;"A";"D";"G";"G";"B";"A";"A";"A";"A";"B";"C";"A";"B";"B";"B";"A";"C";"Insuficiente";"Não"
21;2111078;17014574;201.735674;"A";"D";"E";"C";"A";"A";"A";"A";"A";"E";"A";"B";"B";"A";"A";"A";"C";"Insuficiente";"Não"
21;2111078;17014576;200.807526;"A";"D";"E";"G";"C";"A";"A";"A";"A";"A";"D";"B";"B";"A";"A";"A";"Não Informado";"Insuficiente";"Não"
21;2111078;17014577;255.687811;"A";"B";"B";"A";"B";"A";"A";"A";"A";"A";"B";"A";"A";"B";"B";"A";"C";"Básico";"Não"
21;2111078;17014578;239.863352;"B";"D";"C";"C";"B";"A";"A";"A";"A";"A";"E";"B";"A";"A";"A";"A";"A";"Básico";"Não"
21;2111078;17014579;213.423318;"A";"C";"B";"A";"Não Informado";"A";"A";"A";"A";"D";"A";"B";"B";"A";"A";"B";"A";"Insuficiente";"Não"
21;2111078;17014580;194.932012;"A";"D";"E";"D";"A";"A";"A";"A";"A";"A";"C";"B";"A";"B";"B";"A";"A";"Insuficiente";"Não"
21;2111078;17014582;254.419558;"A";"D";"B";"A";"A";"A";"A";"A";"A";"A";"E";"B";"B";"Não Informado";"A";"A";"C";"Básico";"Não"
21;2111078;17014583;176.09518;"A";"E";"B";"C";"B";"A";"A";"A";"A";"A";"A";"B";"A";"B";"A";"A";"C";"Insuficiente";"Não"
21;2111078;17014584;260.713202;"B";"D";"G";"G";"A";"A";"A";"A";"A";"A";"A";"B";"B";"A";"A";"A";"A";"Básico";"Não"
21;2111078;17014585;224.350492;"A";"A";"A";"B";"B";"A";"A";"A";"A";"E";"D";"B";"C";"B";"B";"A";"A";"Insuficiente";"Não"
21;2111078;17014586;268.571105;"A";"D";"G";"G";"B";"A";"A";"A";"A";"B";"C";"B";"B";"A";"A";"B";"C";"Básico";"Não"
21;2111078;17014587;218.536069;"A";"E";"G";"G";"A";"A";"A";"A";"A";"C";"E";"B";"B";"A";"B";"B";"C";"Insuficiente";"Não"
21;2111078;17014588;192.244821;"A";"D";"E";"C";"A";"A";"A";"A";"A";"D";"C";"A";"C";"A";"A";"A";"C";"Insuficiente";"Não"
21;2111078;17014594;277.708606;"A";"B";"D";"G";"A";"A";"A";"B";"A";"E";"A";"B";"A";"A";"B";"A";"C";"Básico";"Não"
21;2111078;17014595;188.092748;"B";"D";"F";"G";"C";"A";"A";"A";"A";"C";"B";"B";"A";"B";"B";"A";"C";"Insuficiente";"Não"
21;2111078;17014597;295.691851;"B";"D";"E";"G";"A";"A";"A";"A";"A";"B";"B";"B";"B";"A";"A";"A";"C";"Básico";"Não"
21;2111078;17014600;218.959398;"A";"D";"G";"G";"A";"A";"A";"A";"A";"C";"E";"B";"C";"B";"A";"A";"A";"Insuficiente";"Não"
21;2111078;17014602;189.156602;"A";"E";"C";"A";"A";"A";"A";"A";"A";"C";"E";"B";"A";"A";"A";"A";"A";"Insuficiente";"Não"
21;2111078;17014603;254.771121;"A";"C";"D";"G";"B";"A";"A";"A";"A";"E";"E";"B";"B";"A";"B";"A";"A";"Básico";"Não"
21;2111078;17014604;216.669042;"A";"D";"E";"G";"A";"A";"A";"A";"A";"A";"D";"B";"A";"B";"B";"B";"D";"Insuficiente";"Não"
21;2111078;17014606;186.181789;"A";"C";"G";"G";"A";"A";"A";"A";"A";"A";"B";"B";"B";"B";"B";"A";"C";"Insuficiente";"Não"
21;2111078;17014607;255.340329;"B";"D";"D";"G";"B";"A";"A";"A";"A";"B";"A";"B";"C";"A";"A";"A";"C";"Básico";"Não"
21;2111078;17014608;194.657413;"B";"C";"F";"D";"B";"A";"A";"A";"A";"A";"C";"B";"B";"B";"A";"A";"C";"Insuficiente";"Não"
21;2111078;17014609;226.487535;"B";"E";"F";"F";"A";"A";"A";"A";"A";"D";"B";"B";"A";"B";"C";"B";"D";"Básico";"Não"
21;2111078;17014610;237.421584;"B";"E";"F";"E";"B";"A";"A";"A";"A";"A";"A";"B";"B";"A";"C";"A";"C";"Básico";"Não"
21;2111078;17014611;237.405934;"B";"C";"F";"F";"A";"A";"A";"A";"A";"D";"B";"B";"A";"A";"A";"A";"A";"Básico";"Não"
21;2111078;17014612;259.368768;"B";"D";"C";"C";"B";"A";"A";"A";"A";"D";"A";"A";"B";"A";"A";"A";"A";"Básico";"Não"
21;2111078;17014613;192.728457;"B";"E";"B";"D";"B";"A";"A";"A";"A";"A";"A";"B";"B";"A";"A";"A";"A";"Insuficiente";"Não"
21;2111078;17014614;238.485047;"A";"D";"E";"C";"B";"A";"A";"A";"A";"B";"A";"B";"B";"A";"D";"D";"C";"Básico";"Não"
21;2111078;17014615;240.275725;"B";"C";"G";"E";"B";"A";"A";"A";"A";"D";"C";"B";"A";"A";"B";"A";"A";"Básico";"Não"
21;2111078;17014616;212.702084;"B";"D";"D";"G";"B";"A";"A";"B";"A";"C";"A";"B";"A";"B";"B";"A";"C";"Insuficiente";"Não"
21;2111078;17014619;229.185514;"B";"D";"E";"D";"A";"A";"A";"A";"A";"D";"B";"B";"B";"A";"B";"A";"A";"Básico";"Não"
21;2111078;17014625;215.104336;"A";"C";"E";"F";"A";"A";"A";"A";"A";"A";"B";"B";"B";"A";"A";"A";"A";"Insuficiente";"Não"
21;2111078;17015328;166.049987;"A";"D";"B";"G";"A";"A";"A";"A";"A";"C";"B";"B";"B";"B";"A";"A";"A";"Insuficiente";"Não"
21;2111078;17015329;182.474675;"A";"B";"G";"A";"A";"A";"A";"A";"A";"D";"C";"B";"A";"A";"B";"A";"D";"Insuficiente";"Não"
21;2111078;17015330;215.610832;"A";"D";"D";"D";"A";"A";"A";"A";"A";"A";"C";"B";"C";"A";"D";"D";"Não Informado";"Insuficiente";"Não"
21;2111078;17015331;248.578922;"A";"D";"B";"B";"A";"Não Informado";"Não Informado";"Não Informado";"Não Informado";"B";"A";"Não Informado";"A";"A";"A";"A";"A";"Básico";"Não"
21;2111078;17015332;255.681272;"A";"C";"C";"G";"A";"A";"A";"A";"A";"A";"A";"B";"B";"A";"A";"A";"C";"Básico";"Não"
21;2111078;17015333;236.606506;"A";"D";"D";"B";"B";"A";"A";"A";"A";"A";"A";"B";"A";"A";"A";"A";"D";"Básico";"Não"
21;2111078;17015334;272.323995;"A";"D";"E";"B";"A";"A";"A";"A";"A";"B";"D";"B";"A";"A";"A";"A";"C";"Básico";"Não"
21;2111078;17015335;248.664717;"A";"E";"D";"B";"B";"A";"A";"A";"A";"B";"C";"B";"C";"A";"A";"A";"C";"Básico";"Não"
21;2111078;17015336;226.562822;"A";"C";"E";"G";"B";"A";"A";"A";"A";"B";"D";"B";"C";"B";"B";"B";"C";"Básico";"Não"
21;2111078;17015337;207.263257;"A";"D";"F";"G";"B";"A";"A";"A";"A";"B";"C";"B";"A";"B";"B";"B";"A";"Insuficiente";"Não"
21;2111078;17015338;217.636762;"A";"D";"E";"B";"A";"A";"A";"A";"A";"E";"E";"B";"A";"B";"B";"B";"C";"Insuficiente";"Não"
21;2111078;17015339;204.656216;"A";"C";"A";"A";"B";"A";"A";"A";"A";"B";"A";"B";"C";"B";"B";"A";"D";"Insuficiente";"Não"
21;2111078;17015340;265.911524;"A";"D";"C";"E";"B";"A";"A";"A";"A";"B";"E";"B";"B";"A";"A";"A";"D";"Básico";"Não"
21;2111078;17015341;224.6062;"A";"B";"B";"B";"A";"A";"A";"A";"A";"B";"C";"B";"A";"A";"A";"A";"A";"Insuficiente";"Não"
21;2111078;17015342;248.332828;"A";"E";"B";"B";"A";"A";"A";"A";"A";"B";"A";"B";"A";"A";"A";"A";"A";"Básico";"Não"
21;2111078;17015343;244.509457;"A";"C";"B";"B";"B";"B";"A";"A";"A";"E";"C";"A";"B";"Não Informado";"B";"A";"B";"Básico";"Não"
21;2111078;17015344;176.144533;"A";"B";"B";"C";"A";"A";"A";"A";"A";"B";"A";"B";"B";"A";"D";"D";"C";"Insuficiente";"Não"
21;2111078;17015345;162.580024;"A";"Não Informado";"B";"B";"B";"A";"A";"A";"A";"C";"A";"B";"C";"A";"A";"A";"C";"Insuficiente";"Não"
21;2111078;17015346;270.163533;"A";"D";"E";"A";"A";"A";"A";"A";"A";"E";"E";"B";"C";"A";"B";"A";"C";"Básico";"Não"
21;2111078;17015347;192.714596;"A";"D";"C";"G";"B";"A";"A";"A";"A";"A";"A";"B";"A";"Não Informado";"B";"A";"D";"Insuficiente";"Não"
21;2111078;17015348;247.131031;"A";"E";"G";"G";"B";"A";"A";"A";"A";"B";"C";"B";"B";"Não Informado";"B";"A";"D";"Básico";"Não"
21;2111078;17015349;214.844828;"A";"C";"B";"G";"C";"A";"B";"Não Informado";"A";"E";"B";"B";"B";"B";"B";"A";"C";"Insuficiente";"Não"
21;2111078;17015351;261.991348;"A";"E";"F";"C";"A";"A";"A";"A";"A";"E";"E";"B";"B";"A";"A";"A";"D";"Básico";"Não"
21;2111078;17015352;228.498262;"A";"C";"A";"D";"B";"A";"A";"A";"A";"A";"D";"B";"B";"B";"B";"B";"A";"Básico";"Não"
21;2111078;17015353;240.960295;"A";"C";"A";"A";"B";"A";"A";"A";"A";"D";"D";"B";"A";"A";"A";"A";"C";"Básico";"Não"
21;2111078;17015354;226.895382;"A";"E";"D";"C";"A";"A";"A";"A";"A";"A";"A";"B";"A";"A";"A";"A";"A";"Básico";"Não"
21;2111078;17015355;186.010814;"A";"D";"C";"G";"A";"A";"A";"A";"A";"E";"B";"B";"A";"A";"A";"A";"C";"Insuficiente";"Não"
21;2111078;17015356;261.020722;"A";"D";"G";"Não Informado";"Não Informado";"Não Informado";"Não Informado";"Não Informado";"Não Informado";"Não Informado";"Não Informado";"Não Informado";"Não Informado";"Não Informado";"Não Informado";"Não Informado";"Não Informado";"Básico";"Não"
21;2111078;17015357;228.597974;"A";"D";"B";"B";"B";"A";"A";"A";"A";"B";"D";"B";"B";"A";"A";"B";"C";"Básico";"Não"
21;2111078;17054180;209.440543;"A";"D";"B";"B";"B";"A";"A";"A";"A";"B";"A";"A";"C";"B";"C";"A";"C";"Insuficiente";"Não"
21;2111078;17054182;172.69089;"A";"D";"G";"G";"Não Informado";"A";"A";"A";"A";"B";"E";"B";"C";"B";"B";"A";"B";"Insuficiente";"Não"
21;2111078;17054183;203.095814;"A";"C";"B";"G";"B";"A";"A";"A";"A";"A";"B";"A";"C";"B";"C";"A";"D";"Insuficiente";"Não"
21;2111078;17054184;292.336299;"A";"D";"B";"B";"B";"A";"A";"B";"A";"A";"A";"B";"B";"B";"Não Informado";"Não Informado";"Não Informado";"Básico";"Não"
21;2111078;17054185;246.084671;"A";"E";"G";"B";"B";"A";"B";"B";"B";"A";"E";"B";"B";"B";"B";"A";"A";"Básico";"Não"
21;2111078;17054187;197.668221;"A";"C";"G";"G";"B";"A";"A";"A";"A";"A";"C";"B";"A";"B";"C";"A";"A";"Insuficiente";"Não"
21;2111078;17054188;184.52542;"A";"D";"B";"D";"B";"A";"B";"A";"A";"A";"A";"B";"B";"B";"B";"A";"A";"Insuficiente";"Não"
21;2111078;17054189;236.128515;"A";"D";"C";"A";"A";"A";"A";"A";"A";"A";"A";"A";"C";"A";"A";"A";"C";"Básico";"Não"
21;2111078;17054190;219.509546;"A";"D";"G";"G";"B";"B";"B";"B";"A";"C";"C";"B";"C";"B";"B";"A";"C";"Insuficiente";"Não"
21;2111078;17054191;242.394101;"A";"D";"G";"G";"B";"A";"A";"A";"A";"D";"D";"A";"A";"A";"A";"A";"C";"Básico";"Não"
21;2111078;17054192;234.4129;"B";"D";"D";"C";"B";"A";"A";"A";"A";"A";"D";"B";"A";"B";"B";"A";"D";"Básico";"Não"
21;2111078;17054193;171.161508;"A";"B";"G";"C";"B";"A";"A";"A";"A";"E";"B";"B";"B";"B";"C";"C";"A";"Insuficiente";"Não"
21;2111078;17054194;243.700137;"A";"C";"D";"B";"A";"A";"A";"A";"B";"C";"E";"B";"B";"A";"B";"A";"A";"Básico";"Não"
21;2111078;17054196;231.010007;"A";"D";"B";"B";"B";"A";"A";"A";"A";"A";"B";"B";"A";"B";"B";"A";"C";"Básico";"Não"
21;2111078;17054197;247.689675;"A";"D";"C";"G";"A";"A";"A";"A";"A";"B";"C";"B";"A";"B";"B";"A";"A";"Básico";"Não"
21;2111078;17054198;204.665158;"A";"C";"B";"G";"A";"A";"A";"A";"A";"D";"A";"B";"B";"B";"B";"A";"C";"Insuficiente";"Não"
21;2111078;17054199;224.914725;"A";"D";"D";"C";"A";"A";"A";"A";"A";"A";"A";"B";"A";"B";"B";"A";"C";"Insuficiente";"Não"
21;2111078;17054200;254.493783;"A";"A";"B";"G";"B";"A";"A";"A";"A";"E";"D";"B";"A";"B";"B";"A";"C";"Básico";"Não"
21;2111078;17054283;208.603332;"A";"D";"B";"A";"B";"A";"A";"A";"A";"D";"A";"B";"B";"Não Informado";"B";"B";"C";"Insuficiente";"Não"
21;2111078;17054284;194.904402;"A";"C";"G";"G";"B";"A";"A";"A";"A";"C";"B";"B";"B";"B";"B";"A";"C";"Insuficiente";"Não"
21;2111078;17054285;172.036726;"A";"E";"C";"G";"C";"A";"A";"A";"A";"E";"A";"B";"B";"B";"C";"C";"A";"Insuficiente";"Não"
21;2111078;17054287;229.052825;"A";"C";"G";"G";"A";"A";"A";"A";"B";"B";"C";"B";"B";"B";"B";"A";"C";"Básico";"Não"
21;2111078;17054289;243.922588;"A";"C";"C";"A";"A";"A";"A";"A";"A";"D";"D";"B";"B";"A";"A";"A";"C";"Básico";"Não"
21;2111078;17054290;220.171311;"A";"C";"C";"B";"A";"A";"A";"B";"A";"C";"B";"B";"B";"A";"B";"A";"A";"Insuficiente";"Não"
21;2111078;17054291;224.206234;"A";"C";"B";"A";"B";"A";"A";"A";"A";"E";"D";"B";"C";"A";"B";"Não Informado";"C";"Insuficiente";"Não"
21;2111078;17054292;280.270487;"A";"D";"D";"A";"A";"A";"A";"A";"A";"D";"B";"B";"C";"B";"A";"A";"D";"Básico";"Não"
21;2111078;17054293;252.478865;"A";"C";"A";"B";"A";"A";"A";"A";"A";"A";"A";"B";"B";"A";"A";"A";"C";"Básico";"Não"
21;2111078;17054294;236.366057;"B";"D";"E";"B";"A";"A";"A";"A";"A";"A";"E";"A";"C";"A";"B";"A";"C";"Básico";"Não"
21;2111078;17054295;239.354452;"A";"C";"A";"G";"B";"A";"A";"A";"Não Informado";"E";"A";"B";"B";"B";"A";"B";"C";"Básico";"Não"
21;2111078;17054297;242.06115;"A";"C";"C";"A";"A";"A";"A";"A";"A";"B";"A";"B";"A";"A";"A";"A";"C";"Básico";"Não"
21;2111078;17054298;169.618992;"A";"C";"D";"C";"A";"A";"A";"A";"A";"B";"D";"B";"B";"A";"A";"A";"A";"Insuficiente";"Não"
21;2111078;17054299;254.426936;"B";"D";"G";"G";"B";"A";"A";"A";"A";"B";"A";"B";"C";"A";"A";"A";"A";"Básico";"Não"
21;2111078;17054300;166.847459;"A";"C";"E";"E";"A";"A";"A";"A";"A";"A";"A";"B";"C";"A";"A";"A";"C";"Insuficiente";"Não"
21;2111078;17054301;276.768776;"B";"D";"B";"D";"A";"A";"A";"A";"A";"A";"B";"B";"B";"A";"A";"A";"C";"Básico";"Não"
21;2111078;17054302;211.767117;"B";"B";"G";"G";"A";"A";"A";"A";"A";"D";"D";"B";"A";"A";"B";"A";"C";"Insuficiente";"Não"
21;2111078;17054303;227.254434;"A";"C";"B";"B";"B";"A";"B";"A";"B";"E";"C";"B";"C";"A";"B";"A";"C";"Básico";"Não"
21;2111078;17054305;234.631103;"A";"D";"A";"A";"A";"A";"A";"A";"A";"E";"D";"B";"B";"A";"A";"A";"C";"Básico";"Não"
21;2111078;17054306;168.64708;"A";"D";"A";"G";"A";"A";"A";"A";"A";"A";"A";"B";"A";"B";"B";"A";"C";"Insuficiente";"Não"
21;2111078;17054307;259.027154;"A";"D";"C";"B";"A";"A";"A";"A";"A";"A";"A";"B";"A";"B";"B";"A";"C";"Básico";"Não"
21;2111078;17054308;193.726862;"A";"C";"E";"G";"B";"A";"A";"B";"A";"A";"B";"B";"B";"B";"B";"A";"A";"Insuficiente";"Não"
21;2111078;17054309;216.325248;"A";"E";"B";"B";"A";"A";"A";"A";"A";"A";"C";"B";"B";"A";"A";"B";"D";"Insuficiente";"Não"
21;2111078;17054311;255.377888;"A";"D";"B";"C";"A";"A";"A";"A";"A";"A";"A";"B";"B";"A";"B";"A";"B";"Básico";"Não"
21;2111078;17054313;253.958111;"A";"D";"E";"G";"B";"A";"A";"A";"A";"A";"A";"B";"C";"B";"B";"A";"D";"Básico";"Não"
21;2111078;17054314;259.165655;"A";"C";"B";"A";"A";"A";"A";"A";"A";"A";"B";"B";"B";"B";"B";"A";"C";"Básico";"Não"
21;2111078;17054315;240.962586;"A";"C";"D";"G";"B";"A";"A";"A";"A";"D";"E";"B";"B";"A";"C";"A";"D";"Básico";"Não"
21;2111078;17054318;210.014389;"A";"C";"A";"B";"B";"A";"A";"A";"A";"B";"C";"B";"B";"B";"C";"A";"C";"Insuficiente";"Não"
21;2111078;17054321;194.259237;"A";"D";"D";"C";"B";"B";"B";"B";"B";"E";"E";"B";"C";"A";"B";"A";"C";"Insuficiente";"Não"
21;2111078;17054322;256.924541;"A";"C";"A";"B";"B";"A";"A";"A";"A";"E";"B";"B";"C";"B";"B";"A";"D";"Básico";"Não"
21;2111078;17054323;171.638661;"A";"D";"B";"B";"B";"A";"A";"A";"A";"B";"A";"B";"B";"A";"A";"A";"C";"Insuficiente";"Não"
21;2111078;17054324;233.174214;"A";"C";"C";"A";"B";"A";"A";"B";"A";"D";"D";"A";"C";"B";"B";"A";"C";"Básico";"Não"
21;2111078;17054325;204.335058;"A";"C";"G";"G";"A";"A";"A";"A";"A";"D";"A";"B";"C";"A";"A";"A";"C";"Insuficiente";"Não"
21;2111078;17054326;187.460717;"A";"E";"C";"C";"B";"A";"B";"B";"A";"A";"B";"B";"C";"B";"B";"B";"C";"Insuficiente";"Não"
21;2111078;17054327;194.348776;"A";"B";"B";"B";"A";"A";"A";"A";"A";"A";"D";"B";"C";"A";"B";"A";"A";"Insuficiente";"Não"
21;2111078;17054328;235.639904;"A";"C";"C";"D";"A";"A";"A";"A";"A";"E";"A";"B";"B";"B";"A";"A";"C";"Básico";"Não"
21;2111078;17054329;186.348963;"A";"D";"C";"C";"A";"A";"A";"A";"A";"E";"C";"B";"C";"A";"B";"B";"A";"Insuficiente";"Não"
21;2111078;17054330;175.269483;"A";"C";"B";"B";"B";"A";"A";"A";"A";"E";"C";"B";"B";"B";"B";"A";"C";"Insuficiente";"Não"
21;2111078;17054331;227.189934;"A";"E";"B";"B";"B";"A";"A";"A";"A";"E";"B";"B";"C";"B";"A";"A";"C";"Básico";"Não"
21;2111078;17054332;238.390477;"A";"C";"B";"G";"A";"A";"A";"A";"A";"E";"B";"B";"C";"B";"A";"A";"D";"Básico";"Não"
21;2111078;17054333;248.139441;"B";"B";"G";"G";"A";"A";"A";"A";"A";"D";"E";"B";"C";"B";"B";"A";"D";"Básico";"Não"
21;2111078;17054334;188.135114;"A";"D";"D";"C";"A";"A";"A";"A";"A";"C";"C";"B";"B";"A";"A";"A";"A";"Insuficiente";"Não"
21;2111078;17054335;185.990861;"A";"C";"A";"A";"B";"A";"A";"A";"A";"D";"E";"B";"C";"B";"B";"A";"D";"Insuficiente";"Não"
21;2111078;17054336;179.053505;"A";"C";"B";"B";"A";"A";"A";"A";"A";"E";"B";"A";"B";"A";"B";"A";"C";"Insuficiente";"Não"
21;2111078;17054337;235.640351;"A";"D";"B";"A";"A";"A";"A";"A";"A";"A";"B";"B";"C";"A";"A";"A";"C";"Básico";"Não"
21;2111078;17054338;231.15611;"A";"B";"Não Informado";"B";"A";"Não Informado";"Não Informado";"A";"A";"C";"B";"B";"B";"A";"Não Informado";"Não Informado";"Não Informado";"Básico";"Não"
21;2111078;17054339;181.7616;"B";"D";"B";"D";"A";"A";"A";"A";"Não Informado";"A";"B";"B";"B";"B";"B";"A";"Não Informado";"Insuficiente";"Não"
21;2111078;17054340;231.432721;"A";"C";"B";"G";"B";"A";"A";"A";"A";"A";"C";"B";"C";"A";"B";"A";"A";"Básico";"Não"
21;2111078;17054343;168.776303;"A";"C";"B";"B";"B";"A";"A";"A";"A";"B";"D";"Não Informado";"A";"A";"A";"A";"C";"Insuficiente";"Não"
21;2111078;17054344;212.946389;"A";"B";"C";"C";"A";"A";"A";"A";"A";"B";"A";"B";"A";"A";"B";"A";"A";"Insuficiente";"Não"
21;2111078;17054345;193.781972;"A";"D";"A";"B";"A";"A";"A";"A";"A";"D";"A";"B";"C";"A";"A";"A";"A";"Insuficiente";"Não"
21;2111078;17054346;175.236283;"A";"C";"G";"G";"A";"A";"A";"A";"A";"A";"A";"B";"B";"A";"B";"B";"B";"Insuficiente";"Não"
21;2111078;17054348;207.288409;"B";"D";"G";"G";"B";"B";"B";"B";"B";"E";"B";"B";"B";"B";"A";"A";"A";"Insuficiente";"Não"
27;2701902;17876716;188.908329;"A";"D";"G";"G";"C";"A";"A";"A";"A";"A";"E";"B";"B";"A";"A";"A";"A";"Insuficiente";"Não"
27;2701902;17876718;177.458562;"A";"D";"B";"B";"A";"A";"A";"A";"A";"A";"B";"B";"B";"A";"A";"A";"C";"Insuficiente";"Não"
27;2701902;17876719;224.469319;"A";"C";"B";"G";"A";"A";"A";"A";"A";"C";"B";"B";"A";"A";"A";"A";"A";"Insuficiente";"Não"
27;2701902;17876720;204.845299;"D";"A";"G";"D";"C";"A";"B";"B";"A";"D";"E";"A";"B";"A";"C";"A";"D";"Insuficiente";"Não"
27;2701902;17876721;172.198982;"A";"D";"D";"B";"B";"A";"A";"A";"A";"A";"E";"B";"C";"A";"B";"A";"A";"Insuficiente";"Não"
27;2701902;17876722;197.472263;"A";"D";"D";"G";"A";"A";"A";"A";"A";"A";"E";"B";"C";"A";"A";"A";"D";"Insuficiente";"Não"
27;2701902;17876724;247.876132;"A";"E";"A";"B";"B";"A";"A";"A";"A";"C";"E";"A";"B";"A";"A";"A";"C";"Básico";"Não"
27;2701902;17876725;238.847341;"A";"D";"A";"B";"A";"A";"A";"A";"A";"A";"E";"B";"C";"A";"B";"A";"A";"Básico";"Não"
27;2701902;17876726;226.972904;"A";"C";"A";"A";"B";"A";"A";"A";"A";"A";"A";"B";"B";"B";"B";"B";"D";"Básico";"Não"
27;2701902;17876728;191.174986;"A";"D";"E";"G";"B";"A";"A";"A";"A";"A";"B";"B";"C";"A";"A";"A";"C";"Insuficiente";"Não"
27;2701902;17876732;242.12442;"B";"D";"G";"B";"B";"A";"A";"A";"A";"A";"D";"B";"A";"A";"D";"D";"D";"Básico";"Não"
27;2701902;17876733;178.450036;"A";"D";"A";"A";"B";"A";"A";"A";"A";"B";"A";"B";"C";"A";"B";"B";"C";"Insuficiente";"Não"
27;2701902;17876734;198.339097;"E";"D";"E";"F";"A";"A";"A";"A";"A";"D";"A";"B";"A";"B";"A";"A";"A";"Insuficiente";"Não"
27;2701902;17876735;246.072822;"A";"C";"G";"B";"B";"A";"A";"A";"A";"E";"D";"B";"C";"A";"A";"A";"C";"Básico";"Não"
27;2701902;17876737;279.571106;"A";"D";"B";"D";"A";"A";"A";"A";"A";"B";"C";"B";"A";"A";"A";"A";"A";"Básico";"Não"
27;2701902;17876738;228.274637;"A";"C";"B";"A";"A";"A";"A";"A";"A";"D";"C";"B";"A";"A";"B";"A";"A";"Básico";"Não"
27;2701902;17876739;233.677748;"A";"D";"B";"G";"A";"A";"A";"A";"A";"D";"E";"A";"A";"A";"B";"A";"C";"Básico";"Não"
27;2701902;17876741;191.406939;"A";"D";"D";"C";"B";"A";"A";"A";"A";"B";"A";"B";"A";"A";"A";"A";"A";"Insuficiente";"Não"
27;2701902;17876742;182.952498;"A";"D";"B";"A";"B";"A";"A";"A";"A";"B";"A";"A";"C";"A";"B";"A";"A";"Insuficiente";"Não"
27;2701902;17876743;230.432807;"A";"C";"D";"E";"A";"A";"A";"A";"A";"D";"B";"B";"A";"A";"A";"A";"C";"Básico";"Não"
27;2701902;17876744;255.63857;"A";"C";"G";"G";"A";"A";"A";"A";"B";"A";"E";"B";"A";"A";"B";"A";"D";"Básico";"Não"
27;2701902;17876745;226.891525;"A";"C";"A";"A";"A";"A";"A";"A";"A";"C";"B";"B";"A";"A";"A";"A";"C";"Básico";"Não"
27;2701902;17876746;220.04941;"A";"C";"A";"A";"C";"A";"B";"A";"A";"D";"E";"B";"C";"A";"B";"A";"C";"Insuficiente";"Não"
27;2701902;17876747;191.428681;"A";"D";"G";"G";"A";"A";"A";"A";"A";"A";"A";"B";"A";"A";"A";"A";"D";"Insuficiente";"Não"
27;2701902;17876748;261.743689;"A";"D";"B";"B";"B";"A";"A";"A";"A";"A";"A";"B";"A";"A";"A";"A";"A";"Básico";"Não"
27;2701902;17876749;281.576914;"C";"C";"E";"F";"A";"A";"A";"A";"A";"D";"A";"B";"B";"A";"A";"A";"C";"Básico";"Não"
27;2701902;17876752;196.812119;"A";"D";"A";"G";"A";"A";"A";"A";"A";"C";"A";"B";"A";"A";"A";"A";"C";"Insuficiente";"Não"
27;2701902;17876754;272.28515;"A";"D";"E";"D";"B";"A";"A";"A";"A";"B";"A";"B";"A";"A";"C";"A";"A";"Básico";"Não"
27;2701902;17876755;184.236792;"A";"D";"A";"A";"B";"A";"A";"A";"A";"B";"A";"Não Informado";"A";"A";"A";"A";"A";"Insuficiente";"Não"
27;2701902;17876756;248.81585;"B";"C";"E";"G";"B";"A";"A";"A";"A";"D";"B";"B";"A";"A";"A";"A";"A";"Básico";"Não"
27;2701902;17876758;255.197747;"B";"C";"F";"C";"A";"A";"A";"A";"A";"B";"A";"B";"A";"A";"B";"B";"A";"Básico";"Não"
27;2701902;17876759;212.207437;"A";"C";"A";"A";"B";"A";"A";"A";"A";"E";"E";"B";"A";"A";"A";"A";"D";"Insuficiente";"Não"
27;2701902;17876760;265.609538;"A";"C";"G";"G";"B";"A";"B";"B";"A";"D";"E";"B";"C";"Não Informado";"C";"A";"C";"Básico";"Não"
27;2701902;17876761;194.688713;"A";"D";"D";"E";"A";"A";"A";"A";"A";"B";"A";"B";"A";"A";"B";"A";"A";"Insuficiente";"Não"
27;2701902;17876763;223.549443;"B";"D";"B";"A";"B";"A";"B";"A";"A";"D";"A";"B";"C";"A";"A";"A";"A";"Insuficiente";"Não"
27;2701902;17876764;173.671801;"A";"D";"D";"A";"A";"A";"A";"A";"A";"D";"E";"B";"A";"A";"A";"A";"C";"Insuficiente";"Não"
27;2701902;17876765;244.605984;"A";"D";"B";"B";"A";"A";"A";"A";"A";"E";"E";"B";"C";"A";"A";"A";"C";"Básico";"Não"
27;2701902;17876766;258.593486;"A";"C";"G";"G";"B";"A";"A";"A";"A";"A";"E";"B";"A";"A";"A";"B";"A";"Básico";"Não"
27;2701902;17876767;275.414114;"B";"C";"G";"E";"A";"A";"A";"A";"A";"B";"B";"B";"A";"A";"B";"A";"D";"Básico";"Não"
27;2701902;17876768;238.564358;"B";"E";"B";"B";"B";"A";"A";"A";"A";"B";"B";"B";"A";"A";"B";"C";"A";"Básico";"Não"
27;2701902;17876769;199.789112;"B";"B";"F";"G";"A";"A";"A";"A";"A";"B";"B";"B";"A";"A";"A";"A";"A";"Insuficiente";"Não"
27;2701902;17876770;205.070266;"A";"D";"G";"D";"B";"A";"A";"A";"A";"C";"B";"A";"A";"A";"A";"A";"D";"Insuficiente";"Não"
27;2701902;17876771;260.914806;"A";"D";"E";"E";"A";"A";"A";"A";"A";"A";"A";"B";"A";"A";"A";"A";"A";"Básico";"Não"
27;2701902;17876772;229.400084;"A";"E";"B";"D";"B";"A";"A";"A";"A";"B";"B";"B";"A";"A";"B";"A";"C";"Básico";"Não"
27;2701902;17876773;172.690611;"B";"E";"D";"F";"C";"A";"A";"A";"A";"D";"E";"B";"C";"A";"A";"A";"A";"Insuficiente";"Não"
27;2701902;17876774;212.060719;"Não Informado";"Não Informado";"Não Informado";"Não Informado";"Não Informado";"Não Informado";"Não Informado";"Não Informado";"Não Informado";"Não Informado";"Não Informado";"Não Informado";"Não Informado";"Não Informado";"Não Informado";"Não Informado";"Não Informado";"Insuficiente";"Não"
27;2701902;17876775;249.769764;"A";"C";"C";"D";"A";"A";"A";"A";"A";"E";"A";"B";"A";"A";"B";"A";"D";"Básico";"Não"
27;2701902;17876776;179.901727;"A";"E";"D";"B";"B";"A";"Não Informado";"A";"A";"A";"A";"B";"A";"A";"A";"A";"A";"Insuficiente";"Não"
27;2701902;17876777;230.111594;"A";"C";"C";"B";"B";"A";"A";"A";"A";"A";"A";"B";"A";"Não Informado";"A";"A";"A";"Básico";"Não"
27;2701902;17876778;265.14837;"A";"C";"C";"A";"B";"A";"A";"A";"A";"A";"B";"B";"C";"A";"A";"A";"A";"Básico";"Não"
27;2701902;17876779;278.45924;"A";"C";"C";"B";"B";"A";"A";"A";"A";"B";"A";"B";"A";"A";"A";"A";"C";"Básico";"Não"
27;2701902;17876780;210.718912;"A";"E";"B";"B";"B";"A";"A";"A";"A";"C";"C";"A";"C";"B";"A";"A";"C";"Insuficiente";"Não"
27;2701902;17876781;194.234029;"A";"C";"G";"C";"B";"A";"A";"A";"A";"E";"C";"B";"A";"A";"A";"A";"A";"Insuficiente";"Não"
27;2701902;17876782;264.424788;"A";"C";"G";"G";"B";"A";"A";"A";"A";"A";"A";"B";"A";"A";"B";"A";"A";"Básico";"Não"
27;2701902;17876783;200.710273;"A";"C";"D";"B";"A";"A";"A";"A";"A";"A";"B";"Não Informado";"A";"A";"A";"A";"A";"Insuficiente";"Não"
27;2701902;17876785;191.759899;"C";"E";"F";"G";"B";"A";"A";"A";"A";"C";"E";"B";"A";"B";"C";"A";"A";"Insuficiente";"Não"
27;2701902;17876786;237.654711;"A";"D";"F";"C";"B";"A";"A";"A";"A";"C";"C";"B";"A";"B";"B";"A";"C";"Básico";"Não"
27;2701902;17876787;217.990113;"A";"D";"C";"C";"A";"A";"A";"A";"A";"D";"E";"A";"C";"A";"A";"A";"C";"Insuficiente";"Não"
27;2701902;17876788;220.604868;"A";"C";"G";"G";"B";"A";"A";"A";"A";"A";"E";"B";"B";"A";"B";"B";"C";"Insuficiente";"Não"
27;2701902;17876789;255.234245;"C";"D";"G";"G";"A";"A";"B";"A";"A";"E";"E";"B";"C";"A";"A";"A";"A";"Básico";"Não"
27;2701902;17876790;203.660773;"A";"D";"B";"B";"B";"A";"A";"A";"A";"D";"B";"A";"A";"A";"A";"A";"C";"Insuficiente";"Não"
27;2701902;17876791;193.876262;"B";"D";"B";"G";"C";"A";"A";"A";"A";"D";"E";"B";"B";"A";"A";"A";"D";"Insuficiente";"Não"
27;2701902;17876792;214.052778;"A";"D";"C";"G";"B";"A";"A";"A";"A";"C";"B";"B";"A";"A";"B";"A";"C";"Insuficiente";"Não"
27;2701902;17876793;236.094644;"A";"C";"B";"G";"A";"A";"A";"A";"A";"B";"E";"B";"A";"A";"A";"A";"A";"Básico";"Não"
27;2701902;17876794;249.184292;"B";"C";"C";"A";"A";"A";"B";"B";"B";"D";"E";"A";"A";"A";"A";"A";"A";"Básico";"Não"
27;2701902;17876795;234.372881;"A";"C";"B";"G";"B";"A";"A";"A";"A";"B";"Não Informado";"B";"A";"A";"A";"A";"C";"Básico";"Não"
27;2701902;17876796;155.880378;"B";"C";"A";"C";"Não Informado";"A";"A";"A";"A";"A";"B";"A";"Não Informado";"A";"Não Informado";"Não Informado";"A";"Insuficiente";"Não"
27;2701902;17876797;218.593918;"A";"C";"B";"A";"C";"A";"A";"A";"A";"E";"E";"B";"B";"A";"A";"A";"A";"Insuficiente";"Não"
27;2701902;17876799;214.648143;"B";"Não Informado";"B";"B";"B";"A";"B";"B";"B";"A";"C";"B";"A";"B";"B";"A";"A";"Insuficiente";"Não"
27;2701902;17876800;272.826914;"A";"D";"B";"D";"B";"A";"A";"B";"A";"B";"A";"B";"A";"A";"A";"A";"A";"Básico";"Não"
27;2701902;17876801;199.975065;"B";"D";"B";"B";"A";"A";"A";"A";"A";"A";"E";"B";"A";"A";"A";"B";"A";"Insuficiente";"Não"
27;2701902;17876802;226.533758;"A";"D";"G";"G";"A";"A";"A";"A";"A";"D";"E";"B";"A";"A";"A";"A";"A";"Básico";"Não"
27;2701902;17876803;286.501699;"B";"D";"G";"B";"A";"A";"A";"A";"A";"D";"E";"A";"A";"A";"A";"A";"C";"Básico";"Não"
27;2701902;17876804;194.186688;"A";"C";"G";"G";"B";"A";"A";"A";"A";"A";"B";"B";"A";"A";"B";"B";"B";"Insuficiente";"Não"
27;2701902;17876805;261.891748;"A";"E";"G";"G";"A";"A";"A";"A";"A";"A";"E";"B";"A";"B";"A";"A";"A";"Básico";"Não"
27;2701902;17876806;230.31208;"A";"D";"C";"A";"B";"A";"A";"A";"A";"A";"E";"B";"B";"A";"A";"A";"A";"Básico";"Não"
27;2701902;17876808;252.492335;"A";"D";"D";"G";"A";"A";"A";"A";"A";"D";"D";"B";"B";"A";"B";"A";"D";"Básico";"Não"
27;2701902;17876809;261.710545;"A";"C";"B";"B";"A";"A";"A";"A";"A";"Não Informado";"Não Informado";"Não Informado";"Não Informado";"Não Informado";"Não Informado";"Não Informado";"Não Informado";"Básico";"Não"
27;2701902;17876810;263.659678;"A";"C";"G";"G";"C";"A";"A";"A";"A";"D";"A";"B";"A";"A";"B";"A";"C";"Básico";"Não"
27;2701902;17876812;277.316857;"A";"D";"B";"D";"A";"A";"A";"A";"A";"B";"A";"B";"B";"A";"A";"A";"C";"Básico";"Não"
27;2701902;17876813;226.037993;"A";"Não Informado";"A";"G";"B";"A";"A";"A";"A";"A";"B";"B";"A";"Não Informado";"B";"A";"D";"Básico";"Não"
27;2701902;17876814;226.38637;"A";"D";"C";"A";"A";"A";"A";"A";"A";"A";"A";"B";"B";"B";"B";"A";"D";"Básico";"Não"
27;2701902;17876815;248.285934;"A";"D";"G";"G";"A";"A";"A";"A";"A";"E";"A";"B";"B";"A";"C";"C";"C";"Básico";"Não"
27;2701902;17876816;263.426384;"A";"D";"A";"C";"B";"A";"A";"A";"A";"E";"A";"B";"A";"A";"A";"A";"C";"Básico";"Não"
27;2701902;17876817;230.458517;"A";"D";"B";"G";"A";"A";"A";"A";"A";"C";"B";"B";"A";"A";"A";"A";"A";"Básico";"Não"
27;2701902;17876818;286.775571;"A";"C";"B";"B";"B";"A";"A";"A";"A";"B";"B";"B";"A";"A";"A";"A";"A";"Básico";"Não"
27;2701902;17876819;223.665755;"A";"C";"G";"G";"B";"A";"A";"A";"A";"A";"A";"B";"A";"A";"A";"A";"D";"Insuficiente";"Não"
27;2701902;17876820;255.563898;"A";"D";"B";"G";"A";"A";"A";"A";"A";"B";"A";"B";"A";"A";"A";"A";"A";"Básico";"Não"
27;2701902;17876822;259.513082;"A";"D";"B";"A";"B";"A";"A";"A";"A";"E";"E";"B";"C";"A";"B";"A";"D";"Básico";"Não"
27;2701902;17876823;225.78033;"A";"C";"G";"G";"B";"A";"A";"A";"A";"E";"A";"B";"A";"B";"A";"A";"A";"Básico";"Não"
27;2701902;17876824;234.365447;"B";"D";"F";"G";"B";"A";"A";"A";"A";"C";"A";"B";"A";"B";"B";"A";"A";"Básico";"Não"
27;2701902;17876825;190.867075;"B";"C";"D";"A";"A";"A";"A";"A";"A";"D";"A";"B";"B";"A";"A";"B";"A";"Insuficiente";"Não"
